2026-07-18 00:00:27.107 DEBUG [api-gateway, NO-ID] --- [reshExecutor-%d] o.s.c.g.r.RouteDefinitionRouteLocator    : RouteDefinition identity-service applying {_genkey_0=/identity/**} to Path
2026-07-18 00:00:27.140 DEBUG [api-gateway, NO-ID] --- [reshExecutor-%d] o.s.c.g.r.RouteDefinitionRouteLocator    : RouteDefinition identity-service applying filter {_genkey_0=1} to StripPrefix
2026-07-18 00:00:27.140 DEBUG [api-gateway, NO-ID] --- [reshExecutor-%d] o.s.c.g.r.RouteDefinitionRouteLocator    : RouteDefinition matched: identity-service
2026-07-18 00:00:27.140 DEBUG [api-gateway, NO-ID] --- [reshExecutor-%d] o.s.c.g.r.RouteDefinitionRouteLocator    : RouteDefinition profile-service applying {_genkey_0=/profile/**} to Path
2026-07-18 00:00:27.141 DEBUG [api-gateway, NO-ID] --- [reshExecutor-%d] o.s.c.g.r.RouteDefinitionRouteLocator    : RouteDefinition profile-service applying filter {_genkey_0=1} to StripPrefix
2026-07-18 00:00:27.141 DEBUG [api-gateway, NO-ID] --- [reshExecutor-%d] o.s.c.g.r.RouteDefinitionRouteLocator    : RouteDefinition matched: profile-service
2026-07-18 00:00:27.141 DEBUG [api-gateway, NO-ID] --- [reshExecutor-%d] o.s.c.g.r.RouteDefinitionRouteLocator    : RouteDefinition post-service applying {_genkey_0=/post/**} to Path
2026-07-18 00:00:27.142 DEBUG [api-gateway, NO-ID] --- [reshExecutor-%d] o.s.c.g.r.RouteDefinitionRouteLocator    : RouteDefinition post-service applying filter {_genkey_0=1} to StripPrefix
2026-07-18 00:00:27.142 DEBUG [api-gateway, NO-ID] --- [reshExecutor-%d] o.s.c.g.r.RouteDefinitionRouteLocator    : RouteDefinition matched: post-service
2026-07-18 00:00:27.142 DEBUG [api-gateway, NO-ID] --- [reshExecutor-%d] o.s.c.g.r.RouteDefinitionRouteLocator    : RouteDefinition comment-service applying {_genkey_0=/comment/**} to Path
2026-07-18 00:00:27.142 DEBUG [api-gateway, NO-ID] --- [reshExecutor-%d] o.s.c.g.r.RouteDefinitionRouteLocator    : RouteDefinition comment-service applying filter {_genkey_0=1} to StripPrefix
2026-07-18 00:00:27.142 DEBUG [api-gateway, NO-ID] --- [reshExecutor-%d] o.s.c.g.r.RouteDefinitionRouteLocator    : RouteDefinition matched: comment-service
2026-07-18 00:00:27.142 DEBUG [api-gateway, NO-ID] --- [reshExecutor-%d] o.s.c.g.r.RouteDefinitionRouteLocator    : RouteDefinition interaction-service applying {_genkey_0=/interaction/**} to Path
2026-07-18 00:00:27.143 DEBUG [api-gateway, NO-ID] --- [reshExecutor-%d] o.s.c.g.r.RouteDefinitionRouteLocator    : RouteDefinition interaction-service applying filter {_genkey_0=1} to StripPrefix
2026-07-18 00:00:27.143 DEBUG [api-gateway, NO-ID] --- [reshExecutor-%d] o.s.c.g.r.RouteDefinitionRouteLocator    : RouteDefinition matched: interaction-service
2026-07-18 00:00:27.143 DEBUG [api-gateway, NO-ID] --- [reshExecutor-%d] o.s.c.g.r.RouteDefinitionRouteLocator    : RouteDefinition notification-service applying {_genkey_0=/notification/**} to Path
2026-07-18 00:00:27.143 DEBUG [api-gateway, NO-ID] --- [reshExecutor-%d] o.s.c.g.r.RouteDefinitionRouteLocator    : RouteDefinition notification-service applying filter {_genkey_0=1} to StripPrefix
2026-07-18 00:00:27.143 DEBUG [api-gateway, NO-ID] --- [reshExecutor-%d] o.s.c.g.r.RouteDefinitionRouteLocator    : RouteDefinition matched: notification-service
2026-07-18 00:00:27.144 DEBUG [api-gateway, NO-ID] --- [reshExecutor-%d] o.s.c.g.filter.GatewayMetricsFilter      : New routes count: 6
2026-07-18 00:00:57.150 DEBUG [api-gateway, NO-ID] --- [reshExecutor-%d] o.s.c.g.r.RouteDefinitionRouteLocator    : RouteDefinition identity-service applying {_genkey_0=/identity/**} to Path
2026-07-18 00:00:57.151 DEBUG [api-gateway, NO-ID] --- [reshExecutor-%d] o.s.c.g.r.RouteDefinitionRouteLocator    : RouteDefinition identity-service applying filter {_genkey_0=1} to StripPrefix
2026-07-18 00:00:57.151 DEBUG [api-gateway, NO-ID] --- [reshExecutor-%d] o.s.c.g.r.RouteDefinitionRouteLocator    : RouteDefinition matched: identity-service
2026-07-18 00:00:57.151 DEBUG [api-gateway, NO-ID] --- [reshExecutor-%d] o.s.c.g.r.RouteDefinitionRouteLocator    : RouteDefinition profile-service applying {_genkey_0=/profile/**} to Path
2026-07-18 00:00:57.152 DEBUG [api-gateway, NO-ID] --- [reshExecutor-%d] o.s.c.g.r.RouteDefinitionRouteLocator    : RouteDefinition profile-service applying filter {_genkey_0=1} to StripPrefix
2026-07-18 00:00:57.152 DEBUG [api-gateway, NO-ID] --- [reshExecutor-%d] o.s.c.g.r.RouteDefinitionRouteLocator    : RouteDefinition matched: profile-service
2026-07-18 00:00:57.152 DEBUG [api-gateway, NO-ID] --- [reshExecutor-%d] o.s.c.g.r.RouteDefinitionRouteLocator    : RouteDefinition post-service applying {_genkey_0=/post/**} to Path
2026-07-18 00:00:57.152 DEBUG [api-gateway, NO-ID] --- [reshExecutor-%d] o.s.c.g.r.RouteDefinitionRouteLocator    : RouteDefinition post-service applying filter {_genkey_0=1} to StripPrefix
2026-07-18 00:00:57.152 DEBUG [api-gateway, NO-ID] --- [reshExecutor-%d] o.s.c.g.r.RouteDefinitionRouteLocator    : RouteDefinition matched: post-service
2026-07-18 00:00:57.153 DEBUG [api-gateway, NO-ID] --- [reshExecutor-%d] o.s.c.g.r.RouteDefinitionRouteLocator    : RouteDefinition comment-service applying {_genkey_0=/comment/**} to Path
2026-07-18 00:00:57.153 DEBUG [api-gateway, NO-ID] --- [reshExecutor-%d] o.s.c.g.r.RouteDefinitionRouteLocator    : RouteDefinition comment-service applying filter {_genkey_0=1} to StripPrefix
2026-07-18 00:00:57.153 DEBUG [api-gateway, NO-ID] --- [reshExecutor-%d] o.s.c.g.r.RouteDefinitionRouteLocator    : RouteDefinition matched: comment-service
2026-07-18 00:00:57.153 DEBUG [api-gateway, NO-ID] --- [reshExecutor-%d] o.s.c.g.r.RouteDefinitionRouteLocator    : RouteDefinition interaction-service applying {_genkey_0=/interaction/**} to Path
2026-07-18 00:00:57.153 DEBUG [api-gateway, NO-ID] --- [reshExecutor-%d] o.s.c.g.r.RouteDefinitionRouteLocator    : RouteDefinition interaction-service applying filter {_genkey_0=1} to StripPrefix
2026-07-18 00:00:57.154 DEBUG [api-gateway, NO-ID] --- [reshExecutor-%d] o.s.c.g.r.RouteDefinitionRouteLocator    : RouteDefinition matched: interaction-service
2026-07-18 00:00:57.154 DEBUG [api-gateway, NO-ID] --- [reshExecutor-%d] o.s.c.g.r.RouteDefinitionRouteLocator    : RouteDefinition notification-service applying {_genkey_0=/notification/**} to Path
2026-07-18 00:00:57.154 DEBUG [api-gateway, NO-ID] --- [reshExecutor-%d] o.s.c.g.r.RouteDefinitionRouteLocator    : RouteDefinition notification-service applying filter {_genkey_0=1} to StripPrefix
2026-07-18 00:00:57.154 DEBUG [api-gateway, NO-ID] --- [reshExecutor-%d] o.s.c.g.r.RouteDefinitionRouteLocator    : RouteDefinition matched: notification-service
2026-07-18 00:00:57.154 DEBUG [api-gateway, NO-ID] --- [reshExecutor-%d] o.s.c.g.filter.GatewayMetricsFilter      : New routes count: 6
2026-07-18 00:01:27.160 DEBUG [api-gateway, NO-ID] --- [reshExecutor-%d] o.s.c.g.r.RouteDefinitionRouteLocator    : RouteDefinition identity-service applying {_genkey_0=/identity/**} to Path
2026-07-18 00:01:27.161 DEBUG [api-gateway, NO-ID] --- [reshExecutor-%d] o.s.c.g.r.RouteDefinitionRouteLocator    : RouteDefinition identity-service applying filter {_genkey_0=1} to StripPrefix
2026-07-18 00:01:27.161 DEBUG [api-gateway, NO-ID] --- [reshExecutor-%d] o.s.c.g.r.RouteDefinitionRouteLocator    : RouteDefinition matched: identity-service
2026-07-18 00:01:27.161 DEBUG [api-gateway, NO-ID] --- [reshExecutor-%d] o.s.c.g.r.RouteDefinitionRouteLocator    : RouteDefinition profile-service applying {_genkey_0=/profile/**} to Path
2026-07-18 00:01:27.162 DEBUG [api-gateway, NO-ID] --- [reshExecutor-%d] o.s.c.g.r.RouteDefinitionRouteLocator    : RouteDefinition profile-service applying filter {_genkey_0=1} to StripPrefix
2026-07-18 00:01:27.162 DEBUG [api-gateway, NO-ID] --- [reshExecutor-%d] o.s.c.g.r.RouteDefinitionRouteLocator    : RouteDefinition matched: profile-service
2026-07-18 00:01:27.162 DEBUG [api-gateway, NO-ID] --- [reshExecutor-%d] o.s.c.g.r.RouteDefinitionRouteLocator    : RouteDefinition post-service applying {_genkey_0=/post/**} to Path
2026-07-18 00:01:27.162 DEBUG [api-gateway, NO-ID] --- [reshExecutor-%d] o.s.c.g.r.RouteDefinitionRouteLocator    : RouteDefinition post-service applying filter {_genkey_0=1} to StripPrefix
2026-07-18 00:01:27.163 DEBUG [api-gateway, NO-ID] --- [reshExecutor-%d] o.s.c.g.r.RouteDefinitionRouteLocator    : RouteDefinition matched: post-service
2026-07-18 00:01:27.163 DEBUG [api-gateway, NO-ID] --- [reshExecutor-%d] o.s.c.g.r.RouteDefinitionRouteLocator    : RouteDefinition comment-service applying {_genkey_0=/comment/**} to Path
2026-07-18 00:01:27.163 DEBUG [api-gateway, NO-ID] --- [reshExecutor-%d] o.s.c.g.r.RouteDefinitionRouteLocator    : RouteDefinition comment-service applying filter {_genkey_0=1} to StripPrefix
2026-07-18 00:01:27.163 DEBUG [api-gateway, NO-ID] --- [reshExecutor-%d] o.s.c.g.r.RouteDefinitionRouteLocator    : RouteDefinition matched: comment-service
2026-07-18 00:01:27.163 DEBUG [api-gateway, NO-ID] --- [reshExecutor-%d] o.s.c.g.r.RouteDefinitionRouteLocator    : RouteDefinition interaction-service applying {_genkey_0=/interaction/**} to Path
2026-07-18 00:01:27.163 DEBUG [api-gateway, NO-ID] --- [reshExecutor-%d] o.s.c.g.r.RouteDefinitionRouteLocator    : RouteDefinition interaction-service applying filter {_genkey_0=1} to StripPrefix
2026-07-18 00:01:27.164 DEBUG [api-gateway, NO-ID] --- [reshExecutor-%d] o.s.c.g.r.RouteDefinitionRouteLocator    : RouteDefinition matched: interaction-service
2026-07-18 00:01:27.164 DEBUG [api-gateway, NO-ID] --- [reshExecutor-%d] o.s.c.g.r.RouteDefinitionRouteLocator    : RouteDefinition notification-service applying {_genkey_0=/notification/**} to Path
2026-07-18 00:01:27.164 DEBUG [api-gateway, NO-ID] --- [reshExecutor-%d] o.s.c.g.r.RouteDefinitionRouteLocator    : RouteDefinition notification-service applying filter {_genkey_0=1} to StripPrefix
2026-07-18 00:01:27.164 DEBUG [api-gateway, NO-ID] --- [reshExecutor-%d] o.s.c.g.r.RouteDefinitionRouteLocator    : RouteDefinition matched: notification-service
2026-07-18 00:01:27.164 DEBUG [api-gateway, NO-ID] --- [reshExecutor-%d] o.s.c.g.filter.GatewayMetricsFilter      : New routes count: 6
2026-07-18 00:01:57.173 DEBUG [api-gateway, NO-ID] --- [reshExecutor-%d] o.s.c.g.r.RouteDefinitionRouteLocator    : RouteDefinition identity-service applying {_genkey_0=/identity/**} to Path
2026-07-18 00:01:57.173 DEBUG [api-gateway, NO-ID] --- [reshExecutor-%d] o.s.c.g.r.RouteDefinitionRouteLocator    : RouteDefinition identity-service applying filter {_genkey_0=1} to StripPrefix
2026-07-18 00:01:57.174 DEBUG [api-gateway, NO-ID] --- [reshExecutor-%d] o.s.c.g.r.RouteDefinitionRouteLocator    : RouteDefinition matched: identity-service
2026-07-18 00:01:57.174 DEBUG [api-gateway, NO-ID] --- [reshExecutor-%d] o.s.c.g.r.RouteDefinitionRouteLocator    : RouteDefinition profile-service applying {_genkey_0=/profile/**} to Path
2026-07-18 00:01:57.174 DEBUG [api-gateway, NO-ID] --- [reshExecutor-%d] o.s.c.g.r.RouteDefinitionRouteLocator    : RouteDefinition profile-service applying filter {_genkey_0=1} to StripPrefix
2026-07-18 00:01:57.174 DEBUG [api-gateway, NO-ID] --- [reshExecutor-%d] o.s.c.g.r.RouteDefinitionRouteLocator    : RouteDefinition matched: profile-service
2026-07-18 00:01:57.174 DEBUG [api-gateway, NO-ID] --- [reshExecutor-%d] o.s.c.g.r.RouteDefinitionRouteLocator    : RouteDefinition post-service applying {_genkey_0=/post/**} to Path
2026-07-18 00:01:57.174 DEBUG [api-gateway, NO-ID] --- [reshExecutor-%d] o.s.c.g.r.RouteDefinitionRouteLocator    : RouteDefinition post-service applying filter {_genkey_0=1} to StripPrefix
2026-07-18 00:01:57.174 DEBUG [api-gateway, NO-ID] --- [reshExecutor-%d] o.s.c.g.r.RouteDefinitionRouteLocator    : RouteDefinition matched: post-service
2026-07-18 00:01:57.174 DEBUG [api-gateway, NO-ID] --- [reshExecutor-%d] o.s.c.g.r.RouteDefinitionRouteLocator    : RouteDefinition comment-service applying {_genkey_0=/comment/**} to Path
2026-07-18 00:01:57.175 DEBUG [api-gateway, NO-ID] --- [reshExecutor-%d] o.s.c.g.r.RouteDefinitionRouteLocator    : RouteDefinition comment-service applying filter {_genkey_0=1} to StripPrefix
2026-07-18 00:01:57.175 DEBUG [api-gateway, NO-ID] --- [reshExecutor-%d] o.s.c.g.r.RouteDefinitionRouteLocator    : RouteDefinition matched: comment-service
2026-07-18 00:01:57.175 DEBUG [api-gateway, NO-ID] --- [reshExecutor-%d] o.s.c.g.r.RouteDefinitionRouteLocator    : RouteDefinition interaction-service applying {_genkey_0=/interaction/**} to Path
2026-07-18 00:01:57.175 DEBUG [api-gateway, NO-ID] --- [reshExecutor-%d] o.s.c.g.r.RouteDefinitionRouteLocator    : RouteDefinition interaction-service applying filter {_genkey_0=1} to StripPrefix
2026-07-18 00:01:57.175 DEBUG [api-gateway, NO-ID] --- [reshExecutor-%d] o.s.c.g.r.RouteDefinitionRouteLocator    : RouteDefinition matched: interaction-service
2026-07-18 00:01:57.175 DEBUG [api-gateway, NO-ID] --- [reshExecutor-%d] o.s.c.g.r.RouteDefinitionRouteLocator    : RouteDefinition notification-service applying {_genkey_0=/notification/**} to Path
2026-07-18 00:01:57.175 DEBUG [api-gateway, NO-ID] --- [reshExecutor-%d] o.s.c.g.r.RouteDefinitionRouteLocator    : RouteDefinition notification-service applying filter {_genkey_0=1} to StripPrefix
2026-07-18 00:01:57.175 DEBUG [api-gateway, NO-ID] --- [reshExecutor-%d] o.s.c.g.r.RouteDefinitionRouteLocator    : RouteDefinition matched: notification-service
2026-07-18 00:01:57.177 DEBUG [api-gateway, NO-ID] --- [reshExecutor-%d] o.s.c.g.filter.GatewayMetricsFilter      : New routes count: 6
2026-07-18 00:02:26.202  INFO [api-gateway, NO-ID] --- [rap-executor-%d] c.n.d.s.r.aws.ConfigClusterResolver      : Resolving eureka endpoints via configuration
2026-07-18 00:02:27.183 DEBUG [api-gateway, NO-ID] --- [reshExecutor-%d] o.s.c.g.r.RouteDefinitionRouteLocator    : RouteDefinition identity-service applying {_genkey_0=/identity/**} to Path
2026-07-18 00:02:27.183 DEBUG [api-gateway, NO-ID] --- [reshExecutor-%d] o.s.c.g.r.RouteDefinitionRouteLocator    : RouteDefinition identity-service applying filter {_genkey_0=1} to StripPrefix
2026-07-18 00:02:27.184 DEBUG [api-gateway, NO-ID] --- [reshExecutor-%d] o.s.c.g.r.RouteDefinitionRouteLocator    : RouteDefinition matched: identity-service
2026-07-18 00:02:27.184 DEBUG [api-gateway, NO-ID] --- [reshExecutor-%d] o.s.c.g.r.RouteDefinitionRouteLocator    : RouteDefinition profile-service applying {_genkey_0=/profile/**} to Path
2026-07-18 00:02:27.184 DEBUG [api-gateway, NO-ID] --- [reshExecutor-%d] o.s.c.g.r.RouteDefinitionRouteLocator    : RouteDefinition profile-service applying filter {_genkey_0=1} to StripPrefix
2026-07-18 00:02:27.184 DEBUG [api-gateway, NO-ID] --- [reshExecutor-%d] o.s.c.g.r.RouteDefinitionRouteLocator    : RouteDefinition matched: profile-service
2026-07-18 00:02:27.184 DEBUG [api-gateway, NO-ID] --- [reshExecutor-%d] o.s.c.g.r.RouteDefinitionRouteLocator    : RouteDefinition post-service applying {_genkey_0=/post/**} to Path
2026-07-18 00:02:27.185 DEBUG [api-gateway, NO-ID] --- [reshExecutor-%d] o.s.c.g.r.RouteDefinitionRouteLocator    : RouteDefinition post-service applying filter {_genkey_0=1} to StripPrefix
2026-07-18 00:02:27.185 DEBUG [api-gateway, NO-ID] --- [reshExecutor-%d] o.s.c.g.r.RouteDefinitionRouteLocator    : RouteDefinition matched: post-service
2026-07-18 00:02:27.185 DEBUG [api-gateway, NO-ID] --- [reshExecutor-%d] o.s.c.g.r.RouteDefinitionRouteLocator    : RouteDefinition comment-service applying {_genkey_0=/comment/**} to Path
2026-07-18 00:02:27.185 DEBUG [api-gateway, NO-ID] --- [reshExecutor-%d] o.s.c.g.r.RouteDefinitionRouteLocator    : RouteDefinition comment-service applying filter {_genkey_0=1} to StripPrefix
2026-07-18 00:02:27.185 DEBUG [api-gateway, NO-ID] --- [reshExecutor-%d] o.s.c.g.r.RouteDefinitionRouteLocator    : RouteDefinition matched: comment-service
2026-07-18 00:02:27.185 DEBUG [api-gateway, NO-ID] --- [reshExecutor-%d] o.s.c.g.r.RouteDefinitionRouteLocator    : RouteDefinition interaction-service applying {_genkey_0=/interaction/**} to Path
2026-07-18 00:02:27.186 DEBUG [api-gateway, NO-ID] --- [reshExecutor-%d] o.s.c.g.r.RouteDefinitionRouteLocator    : RouteDefinition interaction-service applying filter {_genkey_0=1} to StripPrefix
2026-07-18 00:02:27.186 DEBUG [api-gateway, NO-ID] --- [reshExecutor-%d] o.s.c.g.r.RouteDefinitionRouteLocator    : RouteDefinition matched: interaction-service
2026-07-18 00:02:27.186 DEBUG [api-gateway, NO-ID] --- [reshExecutor-%d] o.s.c.g.r.RouteDefinitionRouteLocator    : RouteDefinition notification-service applying {_genkey_0=/notification/**} to Path
2026-07-18 00:02:27.187 DEBUG [api-gateway, NO-ID] --- [reshExecutor-%d] o.s.c.g.r.RouteDefinitionRouteLocator    : RouteDefinition notification-service applying filter {_genkey_0=1} to StripPrefix
2026-07-18 00:02:27.187 DEBUG [api-gateway, NO-ID] --- [reshExecutor-%d] o.s.c.g.r.RouteDefinitionRouteLocator    : RouteDefinition matched: notification-service
2026-07-18 00:02:27.187 DEBUG [api-gateway, NO-ID] --- [reshExecutor-%d] o.s.c.g.filter.GatewayMetricsFilter      : New routes count: 6
2026-07-18 00:02:57.194 DEBUG [api-gateway, NO-ID] --- [reshExecutor-%d] o.s.c.g.r.RouteDefinitionRouteLocator    : RouteDefinition identity-service applying {_genkey_0=/identity/**} to Path
2026-07-18 00:02:57.195 DEBUG [api-gateway, NO-ID] --- [reshExecutor-%d] o.s.c.g.r.RouteDefinitionRouteLocator    : RouteDefinition identity-service applying filter {_genkey_0=1} to StripPrefix
2026-07-18 00:02:57.195 DEBUG [api-gateway, NO-ID] --- [reshExecutor-%d] o.s.c.g.r.RouteDefinitionRouteLocator    : RouteDefinition matched: identity-service
2026-07-18 00:02:57.195 DEBUG [api-gateway, NO-ID] --- [reshExecutor-%d] o.s.c.g.r.RouteDefinitionRouteLocator    : RouteDefinition profile-service applying {_genkey_0=/profile/**} to Path
2026-07-18 00:02:57.196 DEBUG [api-gateway, NO-ID] --- [reshExecutor-%d] o.s.c.g.r.RouteDefinitionRouteLocator    : RouteDefinition profile-service applying filter {_genkey_0=1} to StripPrefix
2026-07-18 00:02:57.197 DEBUG [api-gateway, NO-ID] --- [reshExecutor-%d] o.s.c.g.r.RouteDefinitionRouteLocator    : RouteDefinition matched: profile-service
2026-07-18 00:02:57.197 DEBUG [api-gateway, NO-ID] --- [reshExecutor-%d] o.s.c.g.r.RouteDefinitionRouteLocator    : RouteDefinition post-service applying {_genkey_0=/post/**} to Path
2026-07-18 00:02:57.198 DEBUG [api-gateway, NO-ID] --- [reshExecutor-%d] o.s.c.g.r.RouteDefinitionRouteLocator    : RouteDefinition post-service applying filter {_genkey_0=1} to StripPrefix
2026-07-18 00:02:57.198 DEBUG [api-gateway, NO-ID] --- [reshExecutor-%d] o.s.c.g.r.RouteDefinitionRouteLocator    : RouteDefinition matched: post-service
2026-07-18 00:02:57.198 DEBUG [api-gateway, NO-ID] --- [reshExecutor-%d] o.s.c.g.r.RouteDefinitionRouteLocator    : RouteDefinition comment-service applying {_genkey_0=/comment/**} to Path
2026-07-18 00:02:57.199 DEBUG [api-gateway, NO-ID] --- [reshExecutor-%d] o.s.c.g.r.RouteDefinitionRouteLocator    : RouteDefinition comment-service applying filter {_genkey_0=1} to StripPrefix
2026-07-18 00:02:57.199 DEBUG [api-gateway, NO-ID] --- [reshExecutor-%d] o.s.c.g.r.RouteDefinitionRouteLocator    : RouteDefinition matched: comment-service
2026-07-18 00:02:57.199 DEBUG [api-gateway, NO-ID] --- [reshExecutor-%d] o.s.c.g.r.RouteDefinitionRouteLocator    : RouteDefinition interaction-service applying {_genkey_0=/interaction/**} to Path
2026-07-18 00:02:57.199 DEBUG [api-gateway, NO-ID] --- [reshExecutor-%d] o.s.c.g.r.RouteDefinitionRouteLocator    : RouteDefinition interaction-service applying filter {_genkey_0=1} to StripPrefix
2026-07-18 00:02:57.199 DEBUG [api-gateway, NO-ID] --- [reshExecutor-%d] o.s.c.g.r.RouteDefinitionRouteLocator    : RouteDefinition matched: interaction-service
2026-07-18 00:02:57.199 DEBUG [api-gateway, NO-ID] --- [reshExecutor-%d] o.s.c.g.r.RouteDefinitionRouteLocator    : RouteDefinition notification-service applying {_genkey_0=/notification/**} to Path
2026-07-18 00:02:57.201 DEBUG [api-gateway, NO-ID] --- [reshExecutor-%d] o.s.c.g.r.RouteDefinitionRouteLocator    : RouteDefinition notification-service applying filter {_genkey_0=1} to StripPrefix
2026-07-18 00:02:57.202 DEBUG [api-gateway, NO-ID] --- [reshExecutor-%d] o.s.c.g.r.RouteDefinitionRouteLocator    : RouteDefinition matched: notification-service
2026-07-18 00:02:57.202 DEBUG [api-gateway, NO-ID] --- [reshExecutor-%d] o.s.c.g.filter.GatewayMetricsFilter      : New routes count: 6
2026-07-18 00:03:27.209 DEBUG [api-gateway, NO-ID] --- [reshExecutor-%d] o.s.c.g.r.RouteDefinitionRouteLocator    : RouteDefinition identity-service applying {_genkey_0=/identity/**} to Path
2026-07-18 00:03:27.210 DEBUG [api-gateway, NO-ID] --- [reshExecutor-%d] o.s.c.g.r.RouteDefinitionRouteLocator    : RouteDefinition identity-service applying filter {_genkey_0=1} to StripPrefix
2026-07-18 00:03:27.210 DEBUG [api-gateway, NO-ID] --- [reshExecutor-%d] o.s.c.g.r.RouteDefinitionRouteLocator    : RouteDefinition matched: identity-service
2026-07-18 00:03:27.211 DEBUG [api-gateway, NO-ID] --- [reshExecutor-%d] o.s.c.g.r.RouteDefinitionRouteLocator    : RouteDefinition profile-service applying {_genkey_0=/profile/**} to Path
2026-07-18 00:03:27.211 DEBUG [api-gateway, NO-ID] --- [reshExecutor-%d] o.s.c.g.r.RouteDefinitionRouteLocator    : RouteDefinition profile-service applying filter {_genkey_0=1} to StripPrefix
2026-07-18 00:03:27.211 DEBUG [api-gateway, NO-ID] --- [reshExecutor-%d] o.s.c.g.r.RouteDefinitionRouteLocator    : RouteDefinition matched: profile-service
2026-07-18 00:03:27.212 DEBUG [api-gateway, NO-ID] --- [reshExecutor-%d] o.s.c.g.r.RouteDefinitionRouteLocator    : RouteDefinition post-service applying {_genkey_0=/post/**} to Path
2026-07-18 00:03:27.212 DEBUG [api-gateway, NO-ID] --- [reshExecutor-%d] o.s.c.g.r.RouteDefinitionRouteLocator    : RouteDefinition post-service applying filter {_genkey_0=1} to StripPrefix
2026-07-18 00:03:27.212 DEBUG [api-gateway, NO-ID] --- [reshExecutor-%d] o.s.c.g.r.RouteDefinitionRouteLocator    : RouteDefinition matched: post-service
2026-07-18 00:03:27.212 DEBUG [api-gateway, NO-ID] --- [reshExecutor-%d] o.s.c.g.r.RouteDefinitionRouteLocator    : RouteDefinition comment-service applying {_genkey_0=/comment/**} to Path
2026-07-18 00:03:27.213 DEBUG [api-gateway, NO-ID] --- [reshExecutor-%d] o.s.c.g.r.RouteDefinitionRouteLocator    : RouteDefinition comment-service applying filter {_genkey_0=1} to StripPrefix
2026-07-18 00:03:27.213 DEBUG [api-gateway, NO-ID] --- [reshExecutor-%d] o.s.c.g.r.RouteDefinitionRouteLocator    : RouteDefinition matched: comment-service
2026-07-18 00:03:27.213 DEBUG [api-gateway, NO-ID] --- [reshExecutor-%d] o.s.c.g.r.RouteDefinitionRouteLocator    : RouteDefinition interaction-service applying {_genkey_0=/interaction/**} to Path
2026-07-18 00:03:27.213 DEBUG [api-gateway, NO-ID] --- [reshExecutor-%d] o.s.c.g.r.RouteDefinitionRouteLocator    : RouteDefinition interaction-service applying filter {_genkey_0=1} to StripPrefix
2026-07-18 00:03:27.214 DEBUG [api-gateway, NO-ID] --- [reshExecutor-%d] o.s.c.g.r.RouteDefinitionRouteLocator    : RouteDefinition matched: interaction-service
2026-07-18 00:03:27.214 DEBUG [api-gateway, NO-ID] --- [reshExecutor-%d] o.s.c.g.r.RouteDefinitionRouteLocator    : RouteDefinition notification-service applying {_genkey_0=/notification/**} to Path
2026-07-18 00:03:27.214 DEBUG [api-gateway, NO-ID] --- [reshExecutor-%d] o.s.c.g.r.RouteDefinitionRouteLocator    : RouteDefinition notification-service applying filter {_genkey_0=1} to StripPrefix
2026-07-18 00:03:27.214 DEBUG [api-gateway, NO-ID] --- [reshExecutor-%d] o.s.c.g.r.RouteDefinitionRouteLocator    : RouteDefinition matched: notification-service
2026-07-18 00:03:27.215 DEBUG [api-gateway, NO-ID] --- [reshExecutor-%d] o.s.c.g.filter.GatewayMetricsFilter      : New routes count: 6
2026-07-18 00:03:57.222 DEBUG [api-gateway, NO-ID] --- [reshExecutor-%d] o.s.c.g.r.RouteDefinitionRouteLocator    : RouteDefinition identity-service applying {_genkey_0=/identity/**} to Path
2026-07-18 00:03:57.223 DEBUG [api-gateway, NO-ID] --- [reshExecutor-%d] o.s.c.g.r.RouteDefinitionRouteLocator    : RouteDefinition identity-service applying filter {_genkey_0=1} to StripPrefix
2026-07-18 00:03:57.224 DEBUG [api-gateway, NO-ID] --- [reshExecutor-%d] o.s.c.g.r.RouteDefinitionRouteLocator    : RouteDefinition matched: identity-service
2026-07-18 00:03:57.224 DEBUG [api-gateway, NO-ID] --- [reshExecutor-%d] o.s.c.g.r.RouteDefinitionRouteLocator    : RouteDefinition profile-service applying {_genkey_0=/profile/**} to Path
2026-07-18 00:03:57.224 DEBUG [api-gateway, NO-ID] --- [reshExecutor-%d] o.s.c.g.r.RouteDefinitionRouteLocator    : RouteDefinition profile-service applying filter {_genkey_0=1} to StripPrefix
2026-07-18 00:03:57.225 DEBUG [api-gateway, NO-ID] --- [reshExecutor-%d] o.s.c.g.r.RouteDefinitionRouteLocator    : RouteDefinition matched: profile-service
2026-07-18 00:03:57.225 DEBUG [api-gateway, NO-ID] --- [reshExecutor-%d] o.s.c.g.r.RouteDefinitionRouteLocator    : RouteDefinition post-service applying {_genkey_0=/post/**} to Path
2026-07-18 00:03:57.225 DEBUG [api-gateway, NO-ID] --- [reshExecutor-%d] o.s.c.g.r.RouteDefinitionRouteLocator    : RouteDefinition post-service applying filter {_genkey_0=1} to StripPrefix
2026-07-18 00:03:57.226 DEBUG [api-gateway, NO-ID] --- [reshExecutor-%d] o.s.c.g.r.RouteDefinitionRouteLocator    : RouteDefinition matched: post-service
2026-07-18 00:03:57.226 DEBUG [api-gateway, NO-ID] --- [reshExecutor-%d] o.s.c.g.r.RouteDefinitionRouteLocator    : RouteDefinition comment-service applying {_genkey_0=/comment/**} to Path
2026-07-18 00:03:57.226 DEBUG [api-gateway, NO-ID] --- [reshExecutor-%d] o.s.c.g.r.RouteDefinitionRouteLocator    : RouteDefinition comment-service applying filter {_genkey_0=1} to StripPrefix
2026-07-18 00:03:57.226 DEBUG [api-gateway, NO-ID] --- [reshExecutor-%d] o.s.c.g.r.RouteDefinitionRouteLocator    : RouteDefinition matched: comment-service
2026-07-18 00:03:57.226 DEBUG [api-gateway, NO-ID] --- [reshExecutor-%d] o.s.c.g.r.RouteDefinitionRouteLocator    : RouteDefinition interaction-service applying {_genkey_0=/interaction/**} to Path
2026-07-18 00:03:57.227 DEBUG [api-gateway, NO-ID] --- [reshExecutor-%d] o.s.c.g.r.RouteDefinitionRouteLocator    : RouteDefinition interaction-service applying filter {_genkey_0=1} to StripPrefix
2026-07-18 00:03:57.228 DEBUG [api-gateway, NO-ID] --- [reshExecutor-%d] o.s.c.g.r.RouteDefinitionRouteLocator    : RouteDefinition matched: interaction-service
2026-07-18 00:03:57.228 DEBUG [api-gateway, NO-ID] --- [reshExecutor-%d] o.s.c.g.r.RouteDefinitionRouteLocator    : RouteDefinition notification-service applying {_genkey_0=/notification/**} to Path
2026-07-18 00:03:57.228 DEBUG [api-gateway, NO-ID] --- [reshExecutor-%d] o.s.c.g.r.RouteDefinitionRouteLocator    : RouteDefinition notification-service applying filter {_genkey_0=1} to StripPrefix
2026-07-18 00:03:57.229 DEBUG [api-gateway, NO-ID] --- [reshExecutor-%d] o.s.c.g.r.RouteDefinitionRouteLocator    : RouteDefinition matched: notification-service
2026-07-18 00:03:57.229 DEBUG [api-gateway, NO-ID] --- [reshExecutor-%d] o.s.c.g.filter.GatewayMetricsFilter      : New routes count: 6
2026-07-18 00:04:27.236 DEBUG [api-gateway, NO-ID] --- [reshExecutor-%d] o.s.c.g.r.RouteDefinitionRouteLocator    : RouteDefinition identity-service applying {_genkey_0=/identity/**} to Path
2026-07-18 00:04:27.236 DEBUG [api-gateway, NO-ID] --- [reshExecutor-%d] o.s.c.g.r.RouteDefinitionRouteLocator    : RouteDefinition identity-service applying filter {_genkey_0=1} to StripPrefix
2026-07-18 00:04:27.256 DEBUG [api-gateway, NO-ID] --- [reshExecutor-%d] o.s.c.g.r.RouteDefinitionRouteLocator    : RouteDefinition matched: identity-service
2026-07-18 00:04:27.256 DEBUG [api-gateway, NO-ID] --- [reshExecutor-%d] o.s.c.g.r.RouteDefinitionRouteLocator    : RouteDefinition profile-service applying {_genkey_0=/profile/**} to Path
2026-07-18 00:04:27.257 DEBUG [api-gateway, NO-ID] --- [reshExecutor-%d] o.s.c.g.r.RouteDefinitionRouteLocator    : RouteDefinition profile-service applying filter {_genkey_0=1} to StripPrefix
2026-07-18 00:04:27.258 DEBUG [api-gateway, NO-ID] --- [reshExecutor-%d] o.s.c.g.r.RouteDefinitionRouteLocator    : RouteDefinition matched: profile-service
2026-07-18 00:04:27.258 DEBUG [api-gateway, NO-ID] --- [reshExecutor-%d] o.s.c.g.r.RouteDefinitionRouteLocator    : RouteDefinition post-service applying {_genkey_0=/post/**} to Path
2026-07-18 00:04:27.259 DEBUG [api-gateway, NO-ID] --- [reshExecutor-%d] o.s.c.g.r.RouteDefinitionRouteLocator    : RouteDefinition post-service applying filter {_genkey_0=1} to StripPrefix
2026-07-18 00:04:27.260 DEBUG [api-gateway, NO-ID] --- [reshExecutor-%d] o.s.c.g.r.RouteDefinitionRouteLocator    : RouteDefinition matched: post-service
2026-07-18 00:04:27.260 DEBUG [api-gateway, NO-ID] --- [reshExecutor-%d] o.s.c.g.r.RouteDefinitionRouteLocator    : RouteDefinition comment-service applying {_genkey_0=/comment/**} to Path
2026-07-18 00:04:27.260 DEBUG [api-gateway, NO-ID] --- [reshExecutor-%d] o.s.c.g.r.RouteDefinitionRouteLocator    : RouteDefinition comment-service applying filter {_genkey_0=1} to StripPrefix
2026-07-18 00:04:27.261 DEBUG [api-gateway, NO-ID] --- [reshExecutor-%d] o.s.c.g.r.RouteDefinitionRouteLocator    : RouteDefinition matched: comment-service
2026-07-18 00:04:27.261 DEBUG [api-gateway, NO-ID] --- [reshExecutor-%d] o.s.c.g.r.RouteDefinitionRouteLocator    : RouteDefinition interaction-service applying {_genkey_0=/interaction/**} to Path
2026-07-18 00:04:27.262 DEBUG [api-gateway, NO-ID] --- [reshExecutor-%d] o.s.c.g.r.RouteDefinitionRouteLocator    : RouteDefinition interaction-service applying filter {_genkey_0=1} to StripPrefix
2026-07-18 00:04:27.262 DEBUG [api-gateway, NO-ID] --- [reshExecutor-%d] o.s.c.g.r.RouteDefinitionRouteLocator    : RouteDefinition matched: interaction-service
2026-07-18 00:04:27.262 DEBUG [api-gateway, NO-ID] --- [reshExecutor-%d] o.s.c.g.r.RouteDefinitionRouteLocator    : RouteDefinition notification-service applying {_genkey_0=/notification/**} to Path
2026-07-18 00:04:27.263 DEBUG [api-gateway, NO-ID] --- [reshExecutor-%d] o.s.c.g.r.RouteDefinitionRouteLocator    : RouteDefinition notification-service applying filter {_genkey_0=1} to StripPrefix
2026-07-18 00:04:27.263 DEBUG [api-gateway, NO-ID] --- [reshExecutor-%d] o.s.c.g.r.RouteDefinitionRouteLocator    : RouteDefinition matched: notification-service
2026-07-18 00:04:27.264 DEBUG [api-gateway, NO-ID] --- [reshExecutor-%d] o.s.c.g.filter.GatewayMetricsFilter      : New routes count: 6
2026-07-18 00:04:57.270 DEBUG [api-gateway, NO-ID] --- [reshExecutor-%d] o.s.c.g.r.RouteDefinitionRouteLocator    : RouteDefinition identity-service applying {_genkey_0=/identity/**} to Path
2026-07-18 00:04:57.271 DEBUG [api-gateway, NO-ID] --- [reshExecutor-%d] o.s.c.g.r.RouteDefinitionRouteLocator    : RouteDefinition identity-service applying filter {_genkey_0=1} to StripPrefix
2026-07-18 00:04:57.271 DEBUG [api-gateway, NO-ID] --- [reshExecutor-%d] o.s.c.g.r.RouteDefinitionRouteLocator    : RouteDefinition matched: identity-service
2026-07-18 00:04:57.271 DEBUG [api-gateway, NO-ID] --- [reshExecutor-%d] o.s.c.g.r.RouteDefinitionRouteLocator    : RouteDefinition profile-service applying {_genkey_0=/profile/**} to Path
2026-07-18 00:04:57.271 DEBUG [api-gateway, NO-ID] --- [reshExecutor-%d] o.s.c.g.r.RouteDefinitionRouteLocator    : RouteDefinition profile-service applying filter {_genkey_0=1} to StripPrefix
2026-07-18 00:04:57.272 DEBUG [api-gateway, NO-ID] --- [reshExecutor-%d] o.s.c.g.r.RouteDefinitionRouteLocator    : RouteDefinition matched: profile-service
2026-07-18 00:04:57.272 DEBUG [api-gateway, NO-ID] --- [reshExecutor-%d] o.s.c.g.r.RouteDefinitionRouteLocator    : RouteDefinition post-service applying {_genkey_0=/post/**} to Path
2026-07-18 00:04:57.272 DEBUG [api-gateway, NO-ID] --- [reshExecutor-%d] o.s.c.g.r.RouteDefinitionRouteLocator    : RouteDefinition post-service applying filter {_genkey_0=1} to StripPrefix
2026-07-18 00:04:57.272 DEBUG [api-gateway, NO-ID] --- [reshExecutor-%d] o.s.c.g.r.RouteDefinitionRouteLocator    : RouteDefinition matched: post-service
2026-07-18 00:04:57.272 DEBUG [api-gateway, NO-ID] --- [reshExecutor-%d] o.s.c.g.r.RouteDefinitionRouteLocator    : RouteDefinition comment-service applying {_genkey_0=/comment/**} to Path
2026-07-18 00:04:57.273 DEBUG [api-gateway, NO-ID] --- [reshExecutor-%d] o.s.c.g.r.RouteDefinitionRouteLocator    : RouteDefinition comment-service applying filter {_genkey_0=1} to StripPrefix
2026-07-18 00:04:57.273 DEBUG [api-gateway, NO-ID] --- [reshExecutor-%d] o.s.c.g.r.RouteDefinitionRouteLocator    : RouteDefinition matched: comment-service
2026-07-18 00:04:57.273 DEBUG [api-gateway, NO-ID] --- [reshExecutor-%d] o.s.c.g.r.RouteDefinitionRouteLocator    : RouteDefinition interaction-service applying {_genkey_0=/interaction/**} to Path
2026-07-18 00:04:57.273 DEBUG [api-gateway, NO-ID] --- [reshExecutor-%d] o.s.c.g.r.RouteDefinitionRouteLocator    : RouteDefinition interaction-service applying filter {_genkey_0=1} to StripPrefix
2026-07-18 00:04:57.274 DEBUG [api-gateway, NO-ID] --- [reshExecutor-%d] o.s.c.g.r.RouteDefinitionRouteLocator    : RouteDefinition matched: interaction-service
2026-07-18 00:04:57.274 DEBUG [api-gateway, NO-ID] --- [reshExecutor-%d] o.s.c.g.r.RouteDefinitionRouteLocator    : RouteDefinition notification-service applying {_genkey_0=/notification/**} to Path
2026-07-18 00:04:57.274 DEBUG [api-gateway, NO-ID] --- [reshExecutor-%d] o.s.c.g.r.RouteDefinitionRouteLocator    : RouteDefinition notification-service applying filter {_genkey_0=1} to StripPrefix
2026-07-18 00:04:57.274 DEBUG [api-gateway, NO-ID] --- [reshExecutor-%d] o.s.c.g.r.RouteDefinitionRouteLocator    : RouteDefinition matched: notification-service
2026-07-18 00:04:57.275 DEBUG [api-gateway, NO-ID] --- [reshExecutor-%d] o.s.c.g.filter.GatewayMetricsFilter      : New routes count: 6
2026-07-18 00:05:27.282 DEBUG [api-gateway, NO-ID] --- [reshExecutor-%d] o.s.c.g.r.RouteDefinitionRouteLocator    : RouteDefinition identity-service applying {_genkey_0=/identity/**} to Path
2026-07-18 00:05:27.303 DEBUG [api-gateway, NO-ID] --- [reshExecutor-%d] o.s.c.g.r.RouteDefinitionRouteLocator    : RouteDefinition identity-service applying filter {_genkey_0=1} to StripPrefix
2026-07-18 00:05:27.304 DEBUG [api-gateway, NO-ID] --- [reshExecutor-%d] o.s.c.g.r.RouteDefinitionRouteLocator    : RouteDefinition matched: identity-service
2026-07-18 00:05:27.304 DEBUG [api-gateway, NO-ID] --- [reshExecutor-%d] o.s.c.g.r.RouteDefinitionRouteLocator    : RouteDefinition profile-service applying {_genkey_0=/profile/**} to Path
2026-07-18 00:05:27.305 DEBUG [api-gateway, NO-ID] --- [reshExecutor-%d] o.s.c.g.r.RouteDefinitionRouteLocator    : RouteDefinition profile-service applying filter {_genkey_0=1} to StripPrefix
2026-07-18 00:05:27.305 DEBUG [api-gateway, NO-ID] --- [reshExecutor-%d] o.s.c.g.r.RouteDefinitionRouteLocator    : RouteDefinition matched: profile-service
2026-07-18 00:05:27.305 DEBUG [api-gateway, NO-ID] --- [reshExecutor-%d] o.s.c.g.r.RouteDefinitionRouteLocator    : RouteDefinition post-service applying {_genkey_0=/post/**} to Path
2026-07-18 00:05:27.306 DEBUG [api-gateway, NO-ID] --- [reshExecutor-%d] o.s.c.g.r.RouteDefinitionRouteLocator    : RouteDefinition post-service applying filter {_genkey_0=1} to StripPrefix
2026-07-18 00:05:27.306 DEBUG [api-gateway, NO-ID] --- [reshExecutor-%d] o.s.c.g.r.RouteDefinitionRouteLocator    : RouteDefinition matched: post-service
2026-07-18 00:05:27.306 DEBUG [api-gateway, NO-ID] --- [reshExecutor-%d] o.s.c.g.r.RouteDefinitionRouteLocator    : RouteDefinition comment-service applying {_genkey_0=/comment/**} to Path
2026-07-18 00:05:27.306 DEBUG [api-gateway, NO-ID] --- [reshExecutor-%d] o.s.c.g.r.RouteDefinitionRouteLocator    : RouteDefinition comment-service applying filter {_genkey_0=1} to StripPrefix
2026-07-18 00:05:27.306 DEBUG [api-gateway, NO-ID] --- [reshExecutor-%d] o.s.c.g.r.RouteDefinitionRouteLocator    : RouteDefinition matched: comment-service
2026-07-18 00:05:27.307 DEBUG [api-gateway, NO-ID] --- [reshExecutor-%d] o.s.c.g.r.RouteDefinitionRouteLocator    : RouteDefinition interaction-service applying {_genkey_0=/interaction/**} to Path
2026-07-18 00:05:27.307 DEBUG [api-gateway, NO-ID] --- [reshExecutor-%d] o.s.c.g.r.RouteDefinitionRouteLocator    : RouteDefinition interaction-service applying filter {_genkey_0=1} to StripPrefix
2026-07-18 00:05:27.307 DEBUG [api-gateway, NO-ID] --- [reshExecutor-%d] o.s.c.g.r.RouteDefinitionRouteLocator    : RouteDefinition matched: interaction-service
2026-07-18 00:05:27.307 DEBUG [api-gateway, NO-ID] --- [reshExecutor-%d] o.s.c.g.r.RouteDefinitionRouteLocator    : RouteDefinition notification-service applying {_genkey_0=/notification/**} to Path
2026-07-18 00:05:27.308 DEBUG [api-gateway, NO-ID] --- [reshExecutor-%d] o.s.c.g.r.RouteDefinitionRouteLocator    : RouteDefinition notification-service applying filter {_genkey_0=1} to StripPrefix
2026-07-18 00:05:27.309 DEBUG [api-gateway, NO-ID] --- [reshExecutor-%d] o.s.c.g.r.RouteDefinitionRouteLocator    : RouteDefinition matched: notification-service
2026-07-18 00:05:27.309 DEBUG [api-gateway, NO-ID] --- [reshExecutor-%d] o.s.c.g.filter.GatewayMetricsFilter      : New routes count: 6
2026-07-18 00:05:57.316 DEBUG [api-gateway, NO-ID] --- [reshExecutor-%d] o.s.c.g.r.RouteDefinitionRouteLocator    : RouteDefinition identity-service applying {_genkey_0=/identity/**} to Path
2026-07-18 00:05:57.317 DEBUG [api-gateway, NO-ID] --- [reshExecutor-%d] o.s.c.g.r.RouteDefinitionRouteLocator    : RouteDefinition identity-service applying filter {_genkey_0=1} to StripPrefix
2026-07-18 00:05:57.317 DEBUG [api-gateway, NO-ID] --- [reshExecutor-%d] o.s.c.g.r.RouteDefinitionRouteLocator    : RouteDefinition matched: identity-service
2026-07-18 00:05:57.318 DEBUG [api-gateway, NO-ID] --- [reshExecutor-%d] o.s.c.g.r.RouteDefinitionRouteLocator    : RouteDefinition profile-service applying {_genkey_0=/profile/**} to Path
2026-07-18 00:05:57.318 DEBUG [api-gateway, NO-ID] --- [reshExecutor-%d] o.s.c.g.r.RouteDefinitionRouteLocator    : RouteDefinition profile-service applying filter {_genkey_0=1} to StripPrefix
2026-07-18 00:05:57.318 DEBUG [api-gateway, NO-ID] --- [reshExecutor-%d] o.s.c.g.r.RouteDefinitionRouteLocator    : RouteDefinition matched: profile-service
2026-07-18 00:05:57.318 DEBUG [api-gateway, NO-ID] --- [reshExecutor-%d] o.s.c.g.r.RouteDefinitionRouteLocator    : RouteDefinition post-service applying {_genkey_0=/post/**} to Path
2026-07-18 00:05:57.318 DEBUG [api-gateway, NO-ID] --- [reshExecutor-%d] o.s.c.g.r.RouteDefinitionRouteLocator    : RouteDefinition post-service applying filter {_genkey_0=1} to StripPrefix
2026-07-18 00:05:57.319 DEBUG [api-gateway, NO-ID] --- [reshExecutor-%d] o.s.c.g.r.RouteDefinitionRouteLocator    : RouteDefinition matched: post-service
2026-07-18 00:05:57.319 DEBUG [api-gateway, NO-ID] --- [reshExecutor-%d] o.s.c.g.r.RouteDefinitionRouteLocator    : RouteDefinition comment-service applying {_genkey_0=/comment/**} to Path
2026-07-18 00:05:57.319 DEBUG [api-gateway, NO-ID] --- [reshExecutor-%d] o.s.c.g.r.RouteDefinitionRouteLocator    : RouteDefinition comment-service applying filter {_genkey_0=1} to StripPrefix
2026-07-18 00:05:57.319 DEBUG [api-gateway, NO-ID] --- [reshExecutor-%d] o.s.c.g.r.RouteDefinitionRouteLocator    : RouteDefinition matched: comment-service
2026-07-18 00:05:57.319 DEBUG [api-gateway, NO-ID] --- [reshExecutor-%d] o.s.c.g.r.RouteDefinitionRouteLocator    : RouteDefinition interaction-service applying {_genkey_0=/interaction/**} to Path
2026-07-18 00:05:57.319 DEBUG [api-gateway, NO-ID] --- [reshExecutor-%d] o.s.c.g.r.RouteDefinitionRouteLocator    : RouteDefinition interaction-service applying filter {_genkey_0=1} to StripPrefix
2026-07-18 00:05:57.320 DEBUG [api-gateway, NO-ID] --- [reshExecutor-%d] o.s.c.g.r.RouteDefinitionRouteLocator    : RouteDefinition matched: interaction-service
2026-07-18 00:05:57.320 DEBUG [api-gateway, NO-ID] --- [reshExecutor-%d] o.s.c.g.r.RouteDefinitionRouteLocator    : RouteDefinition notification-service applying {_genkey_0=/notification/**} to Path
2026-07-18 00:05:57.320 DEBUG [api-gateway, NO-ID] --- [reshExecutor-%d] o.s.c.g.r.RouteDefinitionRouteLocator    : RouteDefinition notification-service applying filter {_genkey_0=1} to StripPrefix
2026-07-18 00:05:57.320 DEBUG [api-gateway, NO-ID] --- [reshExecutor-%d] o.s.c.g.r.RouteDefinitionRouteLocator    : RouteDefinition matched: notification-service
2026-07-18 00:05:57.320 DEBUG [api-gateway, NO-ID] --- [reshExecutor-%d] o.s.c.g.filter.GatewayMetricsFilter      : New routes count: 6
2026-07-18 00:06:27.342 DEBUG [api-gateway, NO-ID] --- [reshExecutor-%d] o.s.c.g.r.RouteDefinitionRouteLocator    : RouteDefinition identity-service applying {_genkey_0=/identity/**} to Path
2026-07-18 00:06:27.343 DEBUG [api-gateway, NO-ID] --- [reshExecutor-%d] o.s.c.g.r.RouteDefinitionRouteLocator    : RouteDefinition identity-service applying filter {_genkey_0=1} to StripPrefix
2026-07-18 00:06:27.343 DEBUG [api-gateway, NO-ID] --- [reshExecutor-%d] o.s.c.g.r.RouteDefinitionRouteLocator    : RouteDefinition matched: identity-service
2026-07-18 00:06:27.344 DEBUG [api-gateway, NO-ID] --- [reshExecutor-%d] o.s.c.g.r.RouteDefinitionRouteLocator    : RouteDefinition profile-service applying {_genkey_0=/profile/**} to Path
2026-07-18 00:06:27.344 DEBUG [api-gateway, NO-ID] --- [reshExecutor-%d] o.s.c.g.r.RouteDefinitionRouteLocator    : RouteDefinition profile-service applying filter {_genkey_0=1} to StripPrefix
2026-07-18 00:06:27.345 DEBUG [api-gateway, NO-ID] --- [reshExecutor-%d] o.s.c.g.r.RouteDefinitionRouteLocator    : RouteDefinition matched: profile-service
2026-07-18 00:06:27.345 DEBUG [api-gateway, NO-ID] --- [reshExecutor-%d] o.s.c.g.r.RouteDefinitionRouteLocator    : RouteDefinition post-service applying {_genkey_0=/post/**} to Path
2026-07-18 00:06:27.345 DEBUG [api-gateway, NO-ID] --- [reshExecutor-%d] o.s.c.g.r.RouteDefinitionRouteLocator    : RouteDefinition post-service applying filter {_genkey_0=1} to StripPrefix
2026-07-18 00:06:27.346 DEBUG [api-gateway, NO-ID] --- [reshExecutor-%d] o.s.c.g.r.RouteDefinitionRouteLocator    : RouteDefinition matched: post-service
2026-07-18 00:06:27.346 DEBUG [api-gateway, NO-ID] --- [reshExecutor-%d] o.s.c.g.r.RouteDefinitionRouteLocator    : RouteDefinition comment-service applying {_genkey_0=/comment/**} to Path
2026-07-18 00:06:27.346 DEBUG [api-gateway, NO-ID] --- [reshExecutor-%d] o.s.c.g.r.RouteDefinitionRouteLocator    : RouteDefinition comment-service applying filter {_genkey_0=1} to StripPrefix
2026-07-18 00:06:27.347 DEBUG [api-gateway, NO-ID] --- [reshExecutor-%d] o.s.c.g.r.RouteDefinitionRouteLocator    : RouteDefinition matched: comment-service
2026-07-18 00:06:27.347 DEBUG [api-gateway, NO-ID] --- [reshExecutor-%d] o.s.c.g.r.RouteDefinitionRouteLocator    : RouteDefinition interaction-service applying {_genkey_0=/interaction/**} to Path
2026-07-18 00:06:27.348 DEBUG [api-gateway, NO-ID] --- [reshExecutor-%d] o.s.c.g.r.RouteDefinitionRouteLocator    : RouteDefinition interaction-service applying filter {_genkey_0=1} to StripPrefix
2026-07-18 00:06:27.348 DEBUG [api-gateway, NO-ID] --- [reshExecutor-%d] o.s.c.g.r.RouteDefinitionRouteLocator    : RouteDefinition matched: interaction-service
2026-07-18 00:06:27.348 DEBUG [api-gateway, NO-ID] --- [reshExecutor-%d] o.s.c.g.r.RouteDefinitionRouteLocator    : RouteDefinition notification-service applying {_genkey_0=/notification/**} to Path
2026-07-18 00:06:27.348 DEBUG [api-gateway, NO-ID] --- [reshExecutor-%d] o.s.c.g.r.RouteDefinitionRouteLocator    : RouteDefinition notification-service applying filter {_genkey_0=1} to StripPrefix
2026-07-18 00:06:27.349 DEBUG [api-gateway, NO-ID] --- [reshExecutor-%d] o.s.c.g.r.RouteDefinitionRouteLocator    : RouteDefinition matched: notification-service
2026-07-18 00:06:27.350 DEBUG [api-gateway, NO-ID] --- [reshExecutor-%d] o.s.c.g.filter.GatewayMetricsFilter      : New routes count: 6
2026-07-18 00:06:57.359 DEBUG [api-gateway, NO-ID] --- [reshExecutor-%d] o.s.c.g.r.RouteDefinitionRouteLocator    : RouteDefinition identity-service applying {_genkey_0=/identity/**} to Path
2026-07-18 00:06:57.361 DEBUG [api-gateway, NO-ID] --- [reshExecutor-%d] o.s.c.g.r.RouteDefinitionRouteLocator    : RouteDefinition identity-service applying filter {_genkey_0=1} to StripPrefix
2026-07-18 00:06:57.378 DEBUG [api-gateway, NO-ID] --- [reshExecutor-%d] o.s.c.g.r.RouteDefinitionRouteLocator    : RouteDefinition matched: identity-service
2026-07-18 00:06:57.378 DEBUG [api-gateway, NO-ID] --- [reshExecutor-%d] o.s.c.g.r.RouteDefinitionRouteLocator    : RouteDefinition profile-service applying {_genkey_0=/profile/**} to Path
2026-07-18 00:06:57.379 DEBUG [api-gateway, NO-ID] --- [reshExecutor-%d] o.s.c.g.r.RouteDefinitionRouteLocator    : RouteDefinition profile-service applying filter {_genkey_0=1} to StripPrefix
2026-07-18 00:06:57.380 DEBUG [api-gateway, NO-ID] --- [reshExecutor-%d] o.s.c.g.r.RouteDefinitionRouteLocator    : RouteDefinition matched: profile-service
2026-07-18 00:06:57.380 DEBUG [api-gateway, NO-ID] --- [reshExecutor-%d] o.s.c.g.r.RouteDefinitionRouteLocator    : RouteDefinition post-service applying {_genkey_0=/post/**} to Path
2026-07-18 00:06:57.380 DEBUG [api-gateway, NO-ID] --- [reshExecutor-%d] o.s.c.g.r.RouteDefinitionRouteLocator    : RouteDefinition post-service applying filter {_genkey_0=1} to StripPrefix
2026-07-18 00:06:57.382 DEBUG [api-gateway, NO-ID] --- [reshExecutor-%d] o.s.c.g.r.RouteDefinitionRouteLocator    : RouteDefinition matched: post-service
2026-07-18 00:06:57.382 DEBUG [api-gateway, NO-ID] --- [reshExecutor-%d] o.s.c.g.r.RouteDefinitionRouteLocator    : RouteDefinition comment-service applying {_genkey_0=/comment/**} to Path
2026-07-18 00:06:57.383 DEBUG [api-gateway, NO-ID] --- [reshExecutor-%d] o.s.c.g.r.RouteDefinitionRouteLocator    : RouteDefinition comment-service applying filter {_genkey_0=1} to StripPrefix
2026-07-18 00:06:57.384 DEBUG [api-gateway, NO-ID] --- [reshExecutor-%d] o.s.c.g.r.RouteDefinitionRouteLocator    : RouteDefinition matched: comment-service
2026-07-18 00:06:57.384 DEBUG [api-gateway, NO-ID] --- [reshExecutor-%d] o.s.c.g.r.RouteDefinitionRouteLocator    : RouteDefinition interaction-service applying {_genkey_0=/interaction/**} to Path
2026-07-18 00:06:57.387 DEBUG [api-gateway, NO-ID] --- [reshExecutor-%d] o.s.c.g.r.RouteDefinitionRouteLocator    : RouteDefinition interaction-service applying filter {_genkey_0=1} to StripPrefix
2026-07-18 00:06:57.387 DEBUG [api-gateway, NO-ID] --- [reshExecutor-%d] o.s.c.g.r.RouteDefinitionRouteLocator    : RouteDefinition matched: interaction-service
2026-07-18 00:06:57.387 DEBUG [api-gateway, NO-ID] --- [reshExecutor-%d] o.s.c.g.r.RouteDefinitionRouteLocator    : RouteDefinition notification-service applying {_genkey_0=/notification/**} to Path
2026-07-18 00:06:57.388 DEBUG [api-gateway, NO-ID] --- [reshExecutor-%d] o.s.c.g.r.RouteDefinitionRouteLocator    : RouteDefinition notification-service applying filter {_genkey_0=1} to StripPrefix
2026-07-18 00:06:57.388 DEBUG [api-gateway, NO-ID] --- [reshExecutor-%d] o.s.c.g.r.RouteDefinitionRouteLocator    : RouteDefinition matched: notification-service
2026-07-18 00:06:57.388 DEBUG [api-gateway, NO-ID] --- [reshExecutor-%d] o.s.c.g.filter.GatewayMetricsFilter      : New routes count: 6
2026-07-18 00:07:26.205  INFO [api-gateway, NO-ID] --- [rap-executor-%d] c.n.d.s.r.aws.ConfigClusterResolver      : Resolving eureka endpoints via configuration
2026-07-18 00:07:27.397 DEBUG [api-gateway, NO-ID] --- [reshExecutor-%d] o.s.c.g.r.RouteDefinitionRouteLocator    : RouteDefinition identity-service applying {_genkey_0=/identity/**} to Path
2026-07-18 00:07:27.398 DEBUG [api-gateway, NO-ID] --- [reshExecutor-%d] o.s.c.g.r.RouteDefinitionRouteLocator    : RouteDefinition identity-service applying filter {_genkey_0=1} to StripPrefix
2026-07-18 00:07:27.398 DEBUG [api-gateway, NO-ID] --- [reshExecutor-%d] o.s.c.g.r.RouteDefinitionRouteLocator    : RouteDefinition matched: identity-service
2026-07-18 00:07:27.398 DEBUG [api-gateway, NO-ID] --- [reshExecutor-%d] o.s.c.g.r.RouteDefinitionRouteLocator    : RouteDefinition profile-service applying {_genkey_0=/profile/**} to Path
2026-07-18 00:07:27.399 DEBUG [api-gateway, NO-ID] --- [reshExecutor-%d] o.s.c.g.r.RouteDefinitionRouteLocator    : RouteDefinition profile-service applying filter {_genkey_0=1} to StripPrefix
2026-07-18 00:07:27.399 DEBUG [api-gateway, NO-ID] --- [reshExecutor-%d] o.s.c.g.r.RouteDefinitionRouteLocator    : RouteDefinition matched: profile-service
2026-07-18 00:07:27.399 DEBUG [api-gateway, NO-ID] --- [reshExecutor-%d] o.s.c.g.r.RouteDefinitionRouteLocator    : RouteDefinition post-service applying {_genkey_0=/post/**} to Path
2026-07-18 00:07:27.405 DEBUG [api-gateway, NO-ID] --- [reshExecutor-%d] o.s.c.g.r.RouteDefinitionRouteLocator    : RouteDefinition post-service applying filter {_genkey_0=1} to StripPrefix
2026-07-18 00:07:27.405 DEBUG [api-gateway, NO-ID] --- [reshExecutor-%d] o.s.c.g.r.RouteDefinitionRouteLocator    : RouteDefinition matched: post-service
2026-07-18 00:07:27.405 DEBUG [api-gateway, NO-ID] --- [reshExecutor-%d] o.s.c.g.r.RouteDefinitionRouteLocator    : RouteDefinition comment-service applying {_genkey_0=/comment/**} to Path
2026-07-18 00:07:27.406 DEBUG [api-gateway, NO-ID] --- [reshExecutor-%d] o.s.c.g.r.RouteDefinitionRouteLocator    : RouteDefinition comment-service applying filter {_genkey_0=1} to StripPrefix
2026-07-18 00:07:27.407 DEBUG [api-gateway, NO-ID] --- [reshExecutor-%d] o.s.c.g.r.RouteDefinitionRouteLocator    : RouteDefinition matched: comment-service
2026-07-18 00:07:27.407 DEBUG [api-gateway, NO-ID] --- [reshExecutor-%d] o.s.c.g.r.RouteDefinitionRouteLocator    : RouteDefinition interaction-service applying {_genkey_0=/interaction/**} to Path
2026-07-18 00:07:27.408 DEBUG [api-gateway, NO-ID] --- [reshExecutor-%d] o.s.c.g.r.RouteDefinitionRouteLocator    : RouteDefinition interaction-service applying filter {_genkey_0=1} to StripPrefix
2026-07-18 00:07:27.408 DEBUG [api-gateway, NO-ID] --- [reshExecutor-%d] o.s.c.g.r.RouteDefinitionRouteLocator    : RouteDefinition matched: interaction-service
2026-07-18 00:07:27.408 DEBUG [api-gateway, NO-ID] --- [reshExecutor-%d] o.s.c.g.r.RouteDefinitionRouteLocator    : RouteDefinition notification-service applying {_genkey_0=/notification/**} to Path
2026-07-18 00:07:27.409 DEBUG [api-gateway, NO-ID] --- [reshExecutor-%d] o.s.c.g.r.RouteDefinitionRouteLocator    : RouteDefinition notification-service applying filter {_genkey_0=1} to StripPrefix
2026-07-18 00:07:27.409 DEBUG [api-gateway, NO-ID] --- [reshExecutor-%d] o.s.c.g.r.RouteDefinitionRouteLocator    : RouteDefinition matched: notification-service
2026-07-18 00:07:27.410 DEBUG [api-gateway, NO-ID] --- [reshExecutor-%d] o.s.c.g.filter.GatewayMetricsFilter      : New routes count: 6
2026-07-18 00:07:57.438 DEBUG [api-gateway, NO-ID] --- [reshExecutor-%d] o.s.c.g.r.RouteDefinitionRouteLocator    : RouteDefinition identity-service applying {_genkey_0=/identity/**} to Path
2026-07-18 00:07:57.438 DEBUG [api-gateway, NO-ID] --- [reshExecutor-%d] o.s.c.g.r.RouteDefinitionRouteLocator    : RouteDefinition identity-service applying filter {_genkey_0=1} to StripPrefix
2026-07-18 00:07:57.439 DEBUG [api-gateway, NO-ID] --- [reshExecutor-%d] o.s.c.g.r.RouteDefinitionRouteLocator    : RouteDefinition matched: identity-service
2026-07-18 00:07:57.439 DEBUG [api-gateway, NO-ID] --- [reshExecutor-%d] o.s.c.g.r.RouteDefinitionRouteLocator    : RouteDefinition profile-service applying {_genkey_0=/profile/**} to Path
2026-07-18 00:07:57.439 DEBUG [api-gateway, NO-ID] --- [reshExecutor-%d] o.s.c.g.r.RouteDefinitionRouteLocator    : RouteDefinition profile-service applying filter {_genkey_0=1} to StripPrefix
2026-07-18 00:07:57.440 DEBUG [api-gateway, NO-ID] --- [reshExecutor-%d] o.s.c.g.r.RouteDefinitionRouteLocator    : RouteDefinition matched: profile-service
2026-07-18 00:07:57.440 DEBUG [api-gateway, NO-ID] --- [reshExecutor-%d] o.s.c.g.r.RouteDefinitionRouteLocator    : RouteDefinition post-service applying {_genkey_0=/post/**} to Path
2026-07-18 00:07:57.441 DEBUG [api-gateway, NO-ID] --- [reshExecutor-%d] o.s.c.g.r.RouteDefinitionRouteLocator    : RouteDefinition post-service applying filter {_genkey_0=1} to StripPrefix
2026-07-18 00:07:57.441 DEBUG [api-gateway, NO-ID] --- [reshExecutor-%d] o.s.c.g.r.RouteDefinitionRouteLocator    : RouteDefinition matched: post-service
2026-07-18 00:07:57.441 DEBUG [api-gateway, NO-ID] --- [reshExecutor-%d] o.s.c.g.r.RouteDefinitionRouteLocator    : RouteDefinition comment-service applying {_genkey_0=/comment/**} to Path
2026-07-18 00:07:57.442 DEBUG [api-gateway, NO-ID] --- [reshExecutor-%d] o.s.c.g.r.RouteDefinitionRouteLocator    : RouteDefinition comment-service applying filter {_genkey_0=1} to StripPrefix
2026-07-18 00:07:57.443 DEBUG [api-gateway, NO-ID] --- [reshExecutor-%d] o.s.c.g.r.RouteDefinitionRouteLocator    : RouteDefinition matched: comment-service
2026-07-18 00:07:57.443 DEBUG [api-gateway, NO-ID] --- [reshExecutor-%d] o.s.c.g.r.RouteDefinitionRouteLocator    : RouteDefinition interaction-service applying {_genkey_0=/interaction/**} to Path
2026-07-18 00:07:57.443 DEBUG [api-gateway, NO-ID] --- [reshExecutor-%d] o.s.c.g.r.RouteDefinitionRouteLocator    : RouteDefinition interaction-service applying filter {_genkey_0=1} to StripPrefix
2026-07-18 00:07:57.444 DEBUG [api-gateway, NO-ID] --- [reshExecutor-%d] o.s.c.g.r.RouteDefinitionRouteLocator    : RouteDefinition matched: interaction-service
2026-07-18 00:07:57.444 DEBUG [api-gateway, NO-ID] --- [reshExecutor-%d] o.s.c.g.r.RouteDefinitionRouteLocator    : RouteDefinition notification-service applying {_genkey_0=/notification/**} to Path
2026-07-18 00:07:57.444 DEBUG [api-gateway, NO-ID] --- [reshExecutor-%d] o.s.c.g.r.RouteDefinitionRouteLocator    : RouteDefinition notification-service applying filter {_genkey_0=1} to StripPrefix
2026-07-18 00:07:57.445 DEBUG [api-gateway, NO-ID] --- [reshExecutor-%d] o.s.c.g.r.RouteDefinitionRouteLocator    : RouteDefinition matched: notification-service
2026-07-18 00:07:57.445 DEBUG [api-gateway, NO-ID] --- [reshExecutor-%d] o.s.c.g.filter.GatewayMetricsFilter      : New routes count: 6
2026-07-18 00:08:27.452 DEBUG [api-gateway, NO-ID] --- [reshExecutor-%d] o.s.c.g.r.RouteDefinitionRouteLocator    : RouteDefinition identity-service applying {_genkey_0=/identity/**} to Path
2026-07-18 00:08:27.453 DEBUG [api-gateway, NO-ID] --- [reshExecutor-%d] o.s.c.g.r.RouteDefinitionRouteLocator    : RouteDefinition identity-service applying filter {_genkey_0=1} to StripPrefix
2026-07-18 00:08:27.454 DEBUG [api-gateway, NO-ID] --- [reshExecutor-%d] o.s.c.g.r.RouteDefinitionRouteLocator    : RouteDefinition matched: identity-service
2026-07-18 00:08:27.454 DEBUG [api-gateway, NO-ID] --- [reshExecutor-%d] o.s.c.g.r.RouteDefinitionRouteLocator    : RouteDefinition profile-service applying {_genkey_0=/profile/**} to Path
2026-07-18 00:08:27.454 DEBUG [api-gateway, NO-ID] --- [reshExecutor-%d] o.s.c.g.r.RouteDefinitionRouteLocator    : RouteDefinition profile-service applying filter {_genkey_0=1} to StripPrefix
2026-07-18 00:08:27.454 DEBUG [api-gateway, NO-ID] --- [reshExecutor-%d] o.s.c.g.r.RouteDefinitionRouteLocator    : RouteDefinition matched: profile-service
2026-07-18 00:08:27.454 DEBUG [api-gateway, NO-ID] --- [reshExecutor-%d] o.s.c.g.r.RouteDefinitionRouteLocator    : RouteDefinition post-service applying {_genkey_0=/post/**} to Path
2026-07-18 00:08:27.454 DEBUG [api-gateway, NO-ID] --- [reshExecutor-%d] o.s.c.g.r.RouteDefinitionRouteLocator    : RouteDefinition post-service applying filter {_genkey_0=1} to StripPrefix
2026-07-18 00:08:27.456 DEBUG [api-gateway, NO-ID] --- [reshExecutor-%d] o.s.c.g.r.RouteDefinitionRouteLocator    : RouteDefinition matched: post-service
2026-07-18 00:08:27.456 DEBUG [api-gateway, NO-ID] --- [reshExecutor-%d] o.s.c.g.r.RouteDefinitionRouteLocator    : RouteDefinition comment-service applying {_genkey_0=/comment/**} to Path
2026-07-18 00:08:27.456 DEBUG [api-gateway, NO-ID] --- [reshExecutor-%d] o.s.c.g.r.RouteDefinitionRouteLocator    : RouteDefinition comment-service applying filter {_genkey_0=1} to StripPrefix
2026-07-18 00:08:27.456 DEBUG [api-gateway, NO-ID] --- [reshExecutor-%d] o.s.c.g.r.RouteDefinitionRouteLocator    : RouteDefinition matched: comment-service
2026-07-18 00:08:27.456 DEBUG [api-gateway, NO-ID] --- [reshExecutor-%d] o.s.c.g.r.RouteDefinitionRouteLocator    : RouteDefinition interaction-service applying {_genkey_0=/interaction/**} to Path
2026-07-18 00:08:27.456 DEBUG [api-gateway, NO-ID] --- [reshExecutor-%d] o.s.c.g.r.RouteDefinitionRouteLocator    : RouteDefinition interaction-service applying filter {_genkey_0=1} to StripPrefix
2026-07-18 00:08:27.456 DEBUG [api-gateway, NO-ID] --- [reshExecutor-%d] o.s.c.g.r.RouteDefinitionRouteLocator    : RouteDefinition matched: interaction-service
2026-07-18 00:08:27.456 DEBUG [api-gateway, NO-ID] --- [reshExecutor-%d] o.s.c.g.r.RouteDefinitionRouteLocator    : RouteDefinition notification-service applying {_genkey_0=/notification/**} to Path
2026-07-18 00:08:27.457 DEBUG [api-gateway, NO-ID] --- [reshExecutor-%d] o.s.c.g.r.RouteDefinitionRouteLocator    : RouteDefinition notification-service applying filter {_genkey_0=1} to StripPrefix
2026-07-18 00:08:27.457 DEBUG [api-gateway, NO-ID] --- [reshExecutor-%d] o.s.c.g.r.RouteDefinitionRouteLocator    : RouteDefinition matched: notification-service
2026-07-18 00:08:27.457 DEBUG [api-gateway, NO-ID] --- [reshExecutor-%d] o.s.c.g.filter.GatewayMetricsFilter      : New routes count: 6
2026-07-18 00:08:57.500 DEBUG [api-gateway, NO-ID] --- [reshExecutor-%d] o.s.c.g.r.RouteDefinitionRouteLocator    : RouteDefinition identity-service applying {_genkey_0=/identity/**} to Path
2026-07-18 00:08:57.501 DEBUG [api-gateway, NO-ID] --- [reshExecutor-%d] o.s.c.g.r.RouteDefinitionRouteLocator    : RouteDefinition identity-service applying filter {_genkey_0=1} to StripPrefix
2026-07-18 00:08:57.503 DEBUG [api-gateway, NO-ID] --- [reshExecutor-%d] o.s.c.g.r.RouteDefinitionRouteLocator    : RouteDefinition matched: identity-service
2026-07-18 00:08:57.503 DEBUG [api-gateway, NO-ID] --- [reshExecutor-%d] o.s.c.g.r.RouteDefinitionRouteLocator    : RouteDefinition profile-service applying {_genkey_0=/profile/**} to Path
2026-07-18 00:08:57.505 DEBUG [api-gateway, NO-ID] --- [reshExecutor-%d] o.s.c.g.r.RouteDefinitionRouteLocator    : RouteDefinition profile-service applying filter {_genkey_0=1} to StripPrefix
2026-07-18 00:08:57.505 DEBUG [api-gateway, NO-ID] --- [reshExecutor-%d] o.s.c.g.r.RouteDefinitionRouteLocator    : RouteDefinition matched: profile-service
2026-07-18 00:08:57.505 DEBUG [api-gateway, NO-ID] --- [reshExecutor-%d] o.s.c.g.r.RouteDefinitionRouteLocator    : RouteDefinition post-service applying {_genkey_0=/post/**} to Path
2026-07-18 00:08:57.505 DEBUG [api-gateway, NO-ID] --- [reshExecutor-%d] o.s.c.g.r.RouteDefinitionRouteLocator    : RouteDefinition post-service applying filter {_genkey_0=1} to StripPrefix
2026-07-18 00:08:57.506 DEBUG [api-gateway, NO-ID] --- [reshExecutor-%d] o.s.c.g.r.RouteDefinitionRouteLocator    : RouteDefinition matched: post-service
2026-07-18 00:08:57.506 DEBUG [api-gateway, NO-ID] --- [reshExecutor-%d] o.s.c.g.r.RouteDefinitionRouteLocator    : RouteDefinition comment-service applying {_genkey_0=/comment/**} to Path
2026-07-18 00:08:57.506 DEBUG [api-gateway, NO-ID] --- [reshExecutor-%d] o.s.c.g.r.RouteDefinitionRouteLocator    : RouteDefinition comment-service applying filter {_genkey_0=1} to StripPrefix
2026-07-18 00:08:57.506 DEBUG [api-gateway, NO-ID] --- [reshExecutor-%d] o.s.c.g.r.RouteDefinitionRouteLocator    : RouteDefinition matched: comment-service
2026-07-18 00:08:57.506 DEBUG [api-gateway, NO-ID] --- [reshExecutor-%d] o.s.c.g.r.RouteDefinitionRouteLocator    : RouteDefinition interaction-service applying {_genkey_0=/interaction/**} to Path
2026-07-18 00:08:57.507 DEBUG [api-gateway, NO-ID] --- [reshExecutor-%d] o.s.c.g.r.RouteDefinitionRouteLocator    : RouteDefinition interaction-service applying filter {_genkey_0=1} to StripPrefix
2026-07-18 00:08:57.508 DEBUG [api-gateway, NO-ID] --- [reshExecutor-%d] o.s.c.g.r.RouteDefinitionRouteLocator    : RouteDefinition matched: interaction-service
2026-07-18 00:08:57.508 DEBUG [api-gateway, NO-ID] --- [reshExecutor-%d] o.s.c.g.r.RouteDefinitionRouteLocator    : RouteDefinition notification-service applying {_genkey_0=/notification/**} to Path
2026-07-18 00:08:57.508 DEBUG [api-gateway, NO-ID] --- [reshExecutor-%d] o.s.c.g.r.RouteDefinitionRouteLocator    : RouteDefinition notification-service applying filter {_genkey_0=1} to StripPrefix
2026-07-18 00:08:57.508 DEBUG [api-gateway, NO-ID] --- [reshExecutor-%d] o.s.c.g.r.RouteDefinitionRouteLocator    : RouteDefinition matched: notification-service
2026-07-18 00:08:57.508 DEBUG [api-gateway, NO-ID] --- [reshExecutor-%d] o.s.c.g.filter.GatewayMetricsFilter      : New routes count: 6
2026-07-18 00:09:27.516 DEBUG [api-gateway, NO-ID] --- [reshExecutor-%d] o.s.c.g.r.RouteDefinitionRouteLocator    : RouteDefinition identity-service applying {_genkey_0=/identity/**} to Path
2026-07-18 00:09:27.517 DEBUG [api-gateway, NO-ID] --- [reshExecutor-%d] o.s.c.g.r.RouteDefinitionRouteLocator    : RouteDefinition identity-service applying filter {_genkey_0=1} to StripPrefix
2026-07-18 00:09:27.518 DEBUG [api-gateway, NO-ID] --- [reshExecutor-%d] o.s.c.g.r.RouteDefinitionRouteLocator    : RouteDefinition matched: identity-service
2026-07-18 00:09:27.518 DEBUG [api-gateway, NO-ID] --- [reshExecutor-%d] o.s.c.g.r.RouteDefinitionRouteLocator    : RouteDefinition profile-service applying {_genkey_0=/profile/**} to Path
2026-07-18 00:09:27.518 DEBUG [api-gateway, NO-ID] --- [reshExecutor-%d] o.s.c.g.r.RouteDefinitionRouteLocator    : RouteDefinition profile-service applying filter {_genkey_0=1} to StripPrefix
2026-07-18 00:09:27.518 DEBUG [api-gateway, NO-ID] --- [reshExecutor-%d] o.s.c.g.r.RouteDefinitionRouteLocator    : RouteDefinition matched: profile-service
2026-07-18 00:09:27.518 DEBUG [api-gateway, NO-ID] --- [reshExecutor-%d] o.s.c.g.r.RouteDefinitionRouteLocator    : RouteDefinition post-service applying {_genkey_0=/post/**} to Path
2026-07-18 00:09:27.518 DEBUG [api-gateway, NO-ID] --- [reshExecutor-%d] o.s.c.g.r.RouteDefinitionRouteLocator    : RouteDefinition post-service applying filter {_genkey_0=1} to StripPrefix
2026-07-18 00:09:27.520 DEBUG [api-gateway, NO-ID] --- [reshExecutor-%d] o.s.c.g.r.RouteDefinitionRouteLocator    : RouteDefinition matched: post-service
2026-07-18 00:09:27.520 DEBUG [api-gateway, NO-ID] --- [reshExecutor-%d] o.s.c.g.r.RouteDefinitionRouteLocator    : RouteDefinition comment-service applying {_genkey_0=/comment/**} to Path
2026-07-18 00:09:27.520 DEBUG [api-gateway, NO-ID] --- [reshExecutor-%d] o.s.c.g.r.RouteDefinitionRouteLocator    : RouteDefinition comment-service applying filter {_genkey_0=1} to StripPrefix
2026-07-18 00:09:27.543 DEBUG [api-gateway, NO-ID] --- [reshExecutor-%d] o.s.c.g.r.RouteDefinitionRouteLocator    : RouteDefinition matched: comment-service
2026-07-18 00:09:27.543 DEBUG [api-gateway, NO-ID] --- [reshExecutor-%d] o.s.c.g.r.RouteDefinitionRouteLocator    : RouteDefinition interaction-service applying {_genkey_0=/interaction/**} to Path
2026-07-18 00:09:27.544 DEBUG [api-gateway, NO-ID] --- [reshExecutor-%d] o.s.c.g.r.RouteDefinitionRouteLocator    : RouteDefinition interaction-service applying filter {_genkey_0=1} to StripPrefix
2026-07-18 00:09:27.544 DEBUG [api-gateway, NO-ID] --- [reshExecutor-%d] o.s.c.g.r.RouteDefinitionRouteLocator    : RouteDefinition matched: interaction-service
2026-07-18 00:09:27.544 DEBUG [api-gateway, NO-ID] --- [reshExecutor-%d] o.s.c.g.r.RouteDefinitionRouteLocator    : RouteDefinition notification-service applying {_genkey_0=/notification/**} to Path
2026-07-18 00:09:27.545 DEBUG [api-gateway, NO-ID] --- [reshExecutor-%d] o.s.c.g.r.RouteDefinitionRouteLocator    : RouteDefinition notification-service applying filter {_genkey_0=1} to StripPrefix
2026-07-18 00:09:27.546 DEBUG [api-gateway, NO-ID] --- [reshExecutor-%d] o.s.c.g.r.RouteDefinitionRouteLocator    : RouteDefinition matched: notification-service
2026-07-18 00:09:27.547 DEBUG [api-gateway, NO-ID] --- [reshExecutor-%d] o.s.c.g.filter.GatewayMetricsFilter      : New routes count: 6
2026-07-18 00:09:57.557 DEBUG [api-gateway, NO-ID] --- [reshExecutor-%d] o.s.c.g.r.RouteDefinitionRouteLocator    : RouteDefinition identity-service applying {_genkey_0=/identity/**} to Path
2026-07-18 00:09:57.574 DEBUG [api-gateway, NO-ID] --- [reshExecutor-%d] o.s.c.g.r.RouteDefinitionRouteLocator    : RouteDefinition identity-service applying filter {_genkey_0=1} to StripPrefix
2026-07-18 00:09:57.576 DEBUG [api-gateway, NO-ID] --- [reshExecutor-%d] o.s.c.g.r.RouteDefinitionRouteLocator    : RouteDefinition matched: identity-service
2026-07-18 00:09:57.576 DEBUG [api-gateway, NO-ID] --- [reshExecutor-%d] o.s.c.g.r.RouteDefinitionRouteLocator    : RouteDefinition profile-service applying {_genkey_0=/profile/**} to Path
2026-07-18 00:09:57.576 DEBUG [api-gateway, NO-ID] --- [reshExecutor-%d] o.s.c.g.r.RouteDefinitionRouteLocator    : RouteDefinition profile-service applying filter {_genkey_0=1} to StripPrefix
2026-07-18 00:09:57.577 DEBUG [api-gateway, NO-ID] --- [reshExecutor-%d] o.s.c.g.r.RouteDefinitionRouteLocator    : RouteDefinition matched: profile-service
2026-07-18 00:09:57.577 DEBUG [api-gateway, NO-ID] --- [reshExecutor-%d] o.s.c.g.r.RouteDefinitionRouteLocator    : RouteDefinition post-service applying {_genkey_0=/post/**} to Path
2026-07-18 00:09:57.577 DEBUG [api-gateway, NO-ID] --- [reshExecutor-%d] o.s.c.g.r.RouteDefinitionRouteLocator    : RouteDefinition post-service applying filter {_genkey_0=1} to StripPrefix
2026-07-18 00:09:57.578 DEBUG [api-gateway, NO-ID] --- [reshExecutor-%d] o.s.c.g.r.RouteDefinitionRouteLocator    : RouteDefinition matched: post-service
2026-07-18 00:09:57.578 DEBUG [api-gateway, NO-ID] --- [reshExecutor-%d] o.s.c.g.r.RouteDefinitionRouteLocator    : RouteDefinition comment-service applying {_genkey_0=/comment/**} to Path
2026-07-18 00:09:57.579 DEBUG [api-gateway, NO-ID] --- [reshExecutor-%d] o.s.c.g.r.RouteDefinitionRouteLocator    : RouteDefinition comment-service applying filter {_genkey_0=1} to StripPrefix
2026-07-18 00:09:57.579 DEBUG [api-gateway, NO-ID] --- [reshExecutor-%d] o.s.c.g.r.RouteDefinitionRouteLocator    : RouteDefinition matched: comment-service
2026-07-18 00:09:57.579 DEBUG [api-gateway, NO-ID] --- [reshExecutor-%d] o.s.c.g.r.RouteDefinitionRouteLocator    : RouteDefinition interaction-service applying {_genkey_0=/interaction/**} to Path
2026-07-18 00:09:57.579 DEBUG [api-gateway, NO-ID] --- [reshExecutor-%d] o.s.c.g.r.RouteDefinitionRouteLocator    : RouteDefinition interaction-service applying filter {_genkey_0=1} to StripPrefix
2026-07-18 00:09:57.580 DEBUG [api-gateway, NO-ID] --- [reshExecutor-%d] o.s.c.g.r.RouteDefinitionRouteLocator    : RouteDefinition matched: interaction-service
2026-07-18 00:09:57.580 DEBUG [api-gateway, NO-ID] --- [reshExecutor-%d] o.s.c.g.r.RouteDefinitionRouteLocator    : RouteDefinition notification-service applying {_genkey_0=/notification/**} to Path
2026-07-18 00:09:57.580 DEBUG [api-gateway, NO-ID] --- [reshExecutor-%d] o.s.c.g.r.RouteDefinitionRouteLocator    : RouteDefinition notification-service applying filter {_genkey_0=1} to StripPrefix
2026-07-18 00:09:57.581 DEBUG [api-gateway, NO-ID] --- [reshExecutor-%d] o.s.c.g.r.RouteDefinitionRouteLocator    : RouteDefinition matched: notification-service
2026-07-18 00:09:57.581 DEBUG [api-gateway, NO-ID] --- [reshExecutor-%d] o.s.c.g.filter.GatewayMetricsFilter      : New routes count: 6
2026-07-18 00:10:27.588 DEBUG [api-gateway, NO-ID] --- [reshExecutor-%d] o.s.c.g.r.RouteDefinitionRouteLocator    : RouteDefinition identity-service applying {_genkey_0=/identity/**} to Path
2026-07-18 00:10:27.596 DEBUG [api-gateway, NO-ID] --- [reshExecutor-%d] o.s.c.g.r.RouteDefinitionRouteLocator    : RouteDefinition identity-service applying filter {_genkey_0=1} to StripPrefix
2026-07-18 00:10:27.599 DEBUG [api-gateway, NO-ID] --- [reshExecutor-%d] o.s.c.g.r.RouteDefinitionRouteLocator    : RouteDefinition matched: identity-service
2026-07-18 00:10:27.600 DEBUG [api-gateway, NO-ID] --- [reshExecutor-%d] o.s.c.g.r.RouteDefinitionRouteLocator    : RouteDefinition profile-service applying {_genkey_0=/profile/**} to Path
2026-07-18 00:10:27.600 DEBUG [api-gateway, NO-ID] --- [reshExecutor-%d] o.s.c.g.r.RouteDefinitionRouteLocator    : RouteDefinition profile-service applying filter {_genkey_0=1} to StripPrefix
2026-07-18 00:10:27.600 DEBUG [api-gateway, NO-ID] --- [reshExecutor-%d] o.s.c.g.r.RouteDefinitionRouteLocator    : RouteDefinition matched: profile-service
2026-07-18 00:10:27.600 DEBUG [api-gateway, NO-ID] --- [reshExecutor-%d] o.s.c.g.r.RouteDefinitionRouteLocator    : RouteDefinition post-service applying {_genkey_0=/post/**} to Path
2026-07-18 00:10:27.600 DEBUG [api-gateway, NO-ID] --- [reshExecutor-%d] o.s.c.g.r.RouteDefinitionRouteLocator    : RouteDefinition post-service applying filter {_genkey_0=1} to StripPrefix
2026-07-18 00:10:27.601 DEBUG [api-gateway, NO-ID] --- [reshExecutor-%d] o.s.c.g.r.RouteDefinitionRouteLocator    : RouteDefinition matched: post-service
2026-07-18 00:10:27.601 DEBUG [api-gateway, NO-ID] --- [reshExecutor-%d] o.s.c.g.r.RouteDefinitionRouteLocator    : RouteDefinition comment-service applying {_genkey_0=/comment/**} to Path
2026-07-18 00:10:27.601 DEBUG [api-gateway, NO-ID] --- [reshExecutor-%d] o.s.c.g.r.RouteDefinitionRouteLocator    : RouteDefinition comment-service applying filter {_genkey_0=1} to StripPrefix
2026-07-18 00:10:27.601 DEBUG [api-gateway, NO-ID] --- [reshExecutor-%d] o.s.c.g.r.RouteDefinitionRouteLocator    : RouteDefinition matched: comment-service
2026-07-18 00:10:27.601 DEBUG [api-gateway, NO-ID] --- [reshExecutor-%d] o.s.c.g.r.RouteDefinitionRouteLocator    : RouteDefinition interaction-service applying {_genkey_0=/interaction/**} to Path
2026-07-18 00:10:27.601 DEBUG [api-gateway, NO-ID] --- [reshExecutor-%d] o.s.c.g.r.RouteDefinitionRouteLocator    : RouteDefinition interaction-service applying filter {_genkey_0=1} to StripPrefix
2026-07-18 00:10:27.602 DEBUG [api-gateway, NO-ID] --- [reshExecutor-%d] o.s.c.g.r.RouteDefinitionRouteLocator    : RouteDefinition matched: interaction-service
2026-07-18 00:10:27.602 DEBUG [api-gateway, NO-ID] --- [reshExecutor-%d] o.s.c.g.r.RouteDefinitionRouteLocator    : RouteDefinition notification-service applying {_genkey_0=/notification/**} to Path
2026-07-18 00:10:27.602 DEBUG [api-gateway, NO-ID] --- [reshExecutor-%d] o.s.c.g.r.RouteDefinitionRouteLocator    : RouteDefinition notification-service applying filter {_genkey_0=1} to StripPrefix
2026-07-18 00:10:27.602 DEBUG [api-gateway, NO-ID] --- [reshExecutor-%d] o.s.c.g.r.RouteDefinitionRouteLocator    : RouteDefinition matched: notification-service
2026-07-18 00:10:27.602 DEBUG [api-gateway, NO-ID] --- [reshExecutor-%d] o.s.c.g.filter.GatewayMetricsFilter      : New routes count: 6
2026-07-18 00:10:57.609 DEBUG [api-gateway, NO-ID] --- [reshExecutor-%d] o.s.c.g.r.RouteDefinitionRouteLocator    : RouteDefinition identity-service applying {_genkey_0=/identity/**} to Path
2026-07-18 00:10:57.610 DEBUG [api-gateway, NO-ID] --- [reshExecutor-%d] o.s.c.g.r.RouteDefinitionRouteLocator    : RouteDefinition identity-service applying filter {_genkey_0=1} to StripPrefix
2026-07-18 00:10:57.610 DEBUG [api-gateway, NO-ID] --- [reshExecutor-%d] o.s.c.g.r.RouteDefinitionRouteLocator    : RouteDefinition matched: identity-service
2026-07-18 00:10:57.610 DEBUG [api-gateway, NO-ID] --- [reshExecutor-%d] o.s.c.g.r.RouteDefinitionRouteLocator    : RouteDefinition profile-service applying {_genkey_0=/profile/**} to Path
2026-07-18 00:10:57.611 DEBUG [api-gateway, NO-ID] --- [reshExecutor-%d] o.s.c.g.r.RouteDefinitionRouteLocator    : RouteDefinition profile-service applying filter {_genkey_0=1} to StripPrefix
2026-07-18 00:10:57.611 DEBUG [api-gateway, NO-ID] --- [reshExecutor-%d] o.s.c.g.r.RouteDefinitionRouteLocator    : RouteDefinition matched: profile-service
2026-07-18 00:10:57.611 DEBUG [api-gateway, NO-ID] --- [reshExecutor-%d] o.s.c.g.r.RouteDefinitionRouteLocator    : RouteDefinition post-service applying {_genkey_0=/post/**} to Path
2026-07-18 00:10:57.611 DEBUG [api-gateway, NO-ID] --- [reshExecutor-%d] o.s.c.g.r.RouteDefinitionRouteLocator    : RouteDefinition post-service applying filter {_genkey_0=1} to StripPrefix
2026-07-18 00:10:57.612 DEBUG [api-gateway, NO-ID] --- [reshExecutor-%d] o.s.c.g.r.RouteDefinitionRouteLocator    : RouteDefinition matched: post-service
2026-07-18 00:10:57.612 DEBUG [api-gateway, NO-ID] --- [reshExecutor-%d] o.s.c.g.r.RouteDefinitionRouteLocator    : RouteDefinition comment-service applying {_genkey_0=/comment/**} to Path
2026-07-18 00:10:57.612 DEBUG [api-gateway, NO-ID] --- [reshExecutor-%d] o.s.c.g.r.RouteDefinitionRouteLocator    : RouteDefinition comment-service applying filter {_genkey_0=1} to StripPrefix
2026-07-18 00:10:57.612 DEBUG [api-gateway, NO-ID] --- [reshExecutor-%d] o.s.c.g.r.RouteDefinitionRouteLocator    : RouteDefinition matched: comment-service
2026-07-18 00:10:57.612 DEBUG [api-gateway, NO-ID] --- [reshExecutor-%d] o.s.c.g.r.RouteDefinitionRouteLocator    : RouteDefinition interaction-service applying {_genkey_0=/interaction/**} to Path
2026-07-18 00:10:57.612 DEBUG [api-gateway, NO-ID] --- [reshExecutor-%d] o.s.c.g.r.RouteDefinitionRouteLocator    : RouteDefinition interaction-service applying filter {_genkey_0=1} to StripPrefix
2026-07-18 00:10:57.612 DEBUG [api-gateway, NO-ID] --- [reshExecutor-%d] o.s.c.g.r.RouteDefinitionRouteLocator    : RouteDefinition matched: interaction-service
2026-07-18 00:10:57.612 DEBUG [api-gateway, NO-ID] --- [reshExecutor-%d] o.s.c.g.r.RouteDefinitionRouteLocator    : RouteDefinition notification-service applying {_genkey_0=/notification/**} to Path
2026-07-18 00:10:57.613 DEBUG [api-gateway, NO-ID] --- [reshExecutor-%d] o.s.c.g.r.RouteDefinitionRouteLocator    : RouteDefinition notification-service applying filter {_genkey_0=1} to StripPrefix
2026-07-18 00:10:57.613 DEBUG [api-gateway, NO-ID] --- [reshExecutor-%d] o.s.c.g.r.RouteDefinitionRouteLocator    : RouteDefinition matched: notification-service
2026-07-18 00:10:57.613 DEBUG [api-gateway, NO-ID] --- [reshExecutor-%d] o.s.c.g.filter.GatewayMetricsFilter      : New routes count: 6
2026-07-18 00:11:27.620 DEBUG [api-gateway, NO-ID] --- [reshExecutor-%d] o.s.c.g.r.RouteDefinitionRouteLocator    : RouteDefinition identity-service applying {_genkey_0=/identity/**} to Path
2026-07-18 00:11:27.621 DEBUG [api-gateway, NO-ID] --- [reshExecutor-%d] o.s.c.g.r.RouteDefinitionRouteLocator    : RouteDefinition identity-service applying filter {_genkey_0=1} to StripPrefix
2026-07-18 00:11:27.621 DEBUG [api-gateway, NO-ID] --- [reshExecutor-%d] o.s.c.g.r.RouteDefinitionRouteLocator    : RouteDefinition matched: identity-service
2026-07-18 00:11:27.621 DEBUG [api-gateway, NO-ID] --- [reshExecutor-%d] o.s.c.g.r.RouteDefinitionRouteLocator    : RouteDefinition profile-service applying {_genkey_0=/profile/**} to Path
2026-07-18 00:11:27.622 DEBUG [api-gateway, NO-ID] --- [reshExecutor-%d] o.s.c.g.r.RouteDefinitionRouteLocator    : RouteDefinition profile-service applying filter {_genkey_0=1} to StripPrefix
2026-07-18 00:11:27.622 DEBUG [api-gateway, NO-ID] --- [reshExecutor-%d] o.s.c.g.r.RouteDefinitionRouteLocator    : RouteDefinition matched: profile-service
2026-07-18 00:11:27.622 DEBUG [api-gateway, NO-ID] --- [reshExecutor-%d] o.s.c.g.r.RouteDefinitionRouteLocator    : RouteDefinition post-service applying {_genkey_0=/post/**} to Path
2026-07-18 00:11:27.622 DEBUG [api-gateway, NO-ID] --- [reshExecutor-%d] o.s.c.g.r.RouteDefinitionRouteLocator    : RouteDefinition post-service applying filter {_genkey_0=1} to StripPrefix
2026-07-18 00:11:27.622 DEBUG [api-gateway, NO-ID] --- [reshExecutor-%d] o.s.c.g.r.RouteDefinitionRouteLocator    : RouteDefinition matched: post-service
2026-07-18 00:11:27.622 DEBUG [api-gateway, NO-ID] --- [reshExecutor-%d] o.s.c.g.r.RouteDefinitionRouteLocator    : RouteDefinition comment-service applying {_genkey_0=/comment/**} to Path
2026-07-18 00:11:27.622 DEBUG [api-gateway, NO-ID] --- [reshExecutor-%d] o.s.c.g.r.RouteDefinitionRouteLocator    : RouteDefinition comment-service applying filter {_genkey_0=1} to StripPrefix
2026-07-18 00:11:27.622 DEBUG [api-gateway, NO-ID] --- [reshExecutor-%d] o.s.c.g.r.RouteDefinitionRouteLocator    : RouteDefinition matched: comment-service
2026-07-18 00:11:27.622 DEBUG [api-gateway, NO-ID] --- [reshExecutor-%d] o.s.c.g.r.RouteDefinitionRouteLocator    : RouteDefinition interaction-service applying {_genkey_0=/interaction/**} to Path
2026-07-18 00:11:27.623 DEBUG [api-gateway, NO-ID] --- [reshExecutor-%d] o.s.c.g.r.RouteDefinitionRouteLocator    : RouteDefinition interaction-service applying filter {_genkey_0=1} to StripPrefix
2026-07-18 00:11:27.623 DEBUG [api-gateway, NO-ID] --- [reshExecutor-%d] o.s.c.g.r.RouteDefinitionRouteLocator    : RouteDefinition matched: interaction-service
2026-07-18 00:11:27.623 DEBUG [api-gateway, NO-ID] --- [reshExecutor-%d] o.s.c.g.r.RouteDefinitionRouteLocator    : RouteDefinition notification-service applying {_genkey_0=/notification/**} to Path
2026-07-18 00:11:27.623 DEBUG [api-gateway, NO-ID] --- [reshExecutor-%d] o.s.c.g.r.RouteDefinitionRouteLocator    : RouteDefinition notification-service applying filter {_genkey_0=1} to StripPrefix
2026-07-18 00:11:27.623 DEBUG [api-gateway, NO-ID] --- [reshExecutor-%d] o.s.c.g.r.RouteDefinitionRouteLocator    : RouteDefinition matched: notification-service
2026-07-18 00:11:27.623 DEBUG [api-gateway, NO-ID] --- [reshExecutor-%d] o.s.c.g.filter.GatewayMetricsFilter      : New routes count: 6
2026-07-18 00:11:57.632 DEBUG [api-gateway, NO-ID] --- [reshExecutor-%d] o.s.c.g.r.RouteDefinitionRouteLocator    : RouteDefinition identity-service applying {_genkey_0=/identity/**} to Path
2026-07-18 00:11:57.633 DEBUG [api-gateway, NO-ID] --- [reshExecutor-%d] o.s.c.g.r.RouteDefinitionRouteLocator    : RouteDefinition identity-service applying filter {_genkey_0=1} to StripPrefix
2026-07-18 00:11:57.633 DEBUG [api-gateway, NO-ID] --- [reshExecutor-%d] o.s.c.g.r.RouteDefinitionRouteLocator    : RouteDefinition matched: identity-service
2026-07-18 00:11:57.633 DEBUG [api-gateway, NO-ID] --- [reshExecutor-%d] o.s.c.g.r.RouteDefinitionRouteLocator    : RouteDefinition profile-service applying {_genkey_0=/profile/**} to Path
2026-07-18 00:11:57.633 DEBUG [api-gateway, NO-ID] --- [reshExecutor-%d] o.s.c.g.r.RouteDefinitionRouteLocator    : RouteDefinition profile-service applying filter {_genkey_0=1} to StripPrefix
2026-07-18 00:11:57.634 DEBUG [api-gateway, NO-ID] --- [reshExecutor-%d] o.s.c.g.r.RouteDefinitionRouteLocator    : RouteDefinition matched: profile-service
2026-07-18 00:11:57.634 DEBUG [api-gateway, NO-ID] --- [reshExecutor-%d] o.s.c.g.r.RouteDefinitionRouteLocator    : RouteDefinition post-service applying {_genkey_0=/post/**} to Path
2026-07-18 00:11:57.634 DEBUG [api-gateway, NO-ID] --- [reshExecutor-%d] o.s.c.g.r.RouteDefinitionRouteLocator    : RouteDefinition post-service applying filter {_genkey_0=1} to StripPrefix
2026-07-18 00:11:57.634 DEBUG [api-gateway, NO-ID] --- [reshExecutor-%d] o.s.c.g.r.RouteDefinitionRouteLocator    : RouteDefinition matched: post-service
2026-07-18 00:11:57.634 DEBUG [api-gateway, NO-ID] --- [reshExecutor-%d] o.s.c.g.r.RouteDefinitionRouteLocator    : RouteDefinition comment-service applying {_genkey_0=/comment/**} to Path
2026-07-18 00:11:57.634 DEBUG [api-gateway, NO-ID] --- [reshExecutor-%d] o.s.c.g.r.RouteDefinitionRouteLocator    : RouteDefinition comment-service applying filter {_genkey_0=1} to StripPrefix
2026-07-18 00:11:57.635 DEBUG [api-gateway, NO-ID] --- [reshExecutor-%d] o.s.c.g.r.RouteDefinitionRouteLocator    : RouteDefinition matched: comment-service
2026-07-18 00:11:57.635 DEBUG [api-gateway, NO-ID] --- [reshExecutor-%d] o.s.c.g.r.RouteDefinitionRouteLocator    : RouteDefinition interaction-service applying {_genkey_0=/interaction/**} to Path
2026-07-18 00:11:57.635 DEBUG [api-gateway, NO-ID] --- [reshExecutor-%d] o.s.c.g.r.RouteDefinitionRouteLocator    : RouteDefinition interaction-service applying filter {_genkey_0=1} to StripPrefix
2026-07-18 00:11:57.635 DEBUG [api-gateway, NO-ID] --- [reshExecutor-%d] o.s.c.g.r.RouteDefinitionRouteLocator    : RouteDefinition matched: interaction-service
2026-07-18 00:11:57.635 DEBUG [api-gateway, NO-ID] --- [reshExecutor-%d] o.s.c.g.r.RouteDefinitionRouteLocator    : RouteDefinition notification-service applying {_genkey_0=/notification/**} to Path
2026-07-18 00:11:57.635 DEBUG [api-gateway, NO-ID] --- [reshExecutor-%d] o.s.c.g.r.RouteDefinitionRouteLocator    : RouteDefinition notification-service applying filter {_genkey_0=1} to StripPrefix
2026-07-18 00:11:57.636 DEBUG [api-gateway, NO-ID] --- [reshExecutor-%d] o.s.c.g.r.RouteDefinitionRouteLocator    : RouteDefinition matched: notification-service
2026-07-18 00:11:57.636 DEBUG [api-gateway, NO-ID] --- [reshExecutor-%d] o.s.c.g.filter.GatewayMetricsFilter      : New routes count: 6
2026-07-18 00:12:26.213  INFO [api-gateway, NO-ID] --- [rap-executor-%d] c.n.d.s.r.aws.ConfigClusterResolver      : Resolving eureka endpoints via configuration
2026-07-18 00:12:27.652 DEBUG [api-gateway, NO-ID] --- [reshExecutor-%d] o.s.c.g.r.RouteDefinitionRouteLocator    : RouteDefinition identity-service applying {_genkey_0=/identity/**} to Path
2026-07-18 00:12:27.652 DEBUG [api-gateway, NO-ID] --- [reshExecutor-%d] o.s.c.g.r.RouteDefinitionRouteLocator    : RouteDefinition identity-service applying filter {_genkey_0=1} to StripPrefix
2026-07-18 00:12:27.653 DEBUG [api-gateway, NO-ID] --- [reshExecutor-%d] o.s.c.g.r.RouteDefinitionRouteLocator    : RouteDefinition matched: identity-service
2026-07-18 00:12:27.653 DEBUG [api-gateway, NO-ID] --- [reshExecutor-%d] o.s.c.g.r.RouteDefinitionRouteLocator    : RouteDefinition profile-service applying {_genkey_0=/profile/**} to Path
2026-07-18 00:12:27.653 DEBUG [api-gateway, NO-ID] --- [reshExecutor-%d] o.s.c.g.r.RouteDefinitionRouteLocator    : RouteDefinition profile-service applying filter {_genkey_0=1} to StripPrefix
2026-07-18 00:12:27.653 DEBUG [api-gateway, NO-ID] --- [reshExecutor-%d] o.s.c.g.r.RouteDefinitionRouteLocator    : RouteDefinition matched: profile-service
2026-07-18 00:12:27.653 DEBUG [api-gateway, NO-ID] --- [reshExecutor-%d] o.s.c.g.r.RouteDefinitionRouteLocator    : RouteDefinition post-service applying {_genkey_0=/post/**} to Path
2026-07-18 00:12:27.654 DEBUG [api-gateway, NO-ID] --- [reshExecutor-%d] o.s.c.g.r.RouteDefinitionRouteLocator    : RouteDefinition post-service applying filter {_genkey_0=1} to StripPrefix
2026-07-18 00:12:27.654 DEBUG [api-gateway, NO-ID] --- [reshExecutor-%d] o.s.c.g.r.RouteDefinitionRouteLocator    : RouteDefinition matched: post-service
2026-07-18 00:12:27.654 DEBUG [api-gateway, NO-ID] --- [reshExecutor-%d] o.s.c.g.r.RouteDefinitionRouteLocator    : RouteDefinition comment-service applying {_genkey_0=/comment/**} to Path
2026-07-18 00:12:27.654 DEBUG [api-gateway, NO-ID] --- [reshExecutor-%d] o.s.c.g.r.RouteDefinitionRouteLocator    : RouteDefinition comment-service applying filter {_genkey_0=1} to StripPrefix
2026-07-18 00:12:27.654 DEBUG [api-gateway, NO-ID] --- [reshExecutor-%d] o.s.c.g.r.RouteDefinitionRouteLocator    : RouteDefinition matched: comment-service
2026-07-18 00:12:27.654 DEBUG [api-gateway, NO-ID] --- [reshExecutor-%d] o.s.c.g.r.RouteDefinitionRouteLocator    : RouteDefinition interaction-service applying {_genkey_0=/interaction/**} to Path
2026-07-18 00:12:27.655 DEBUG [api-gateway, NO-ID] --- [reshExecutor-%d] o.s.c.g.r.RouteDefinitionRouteLocator    : RouteDefinition interaction-service applying filter {_genkey_0=1} to StripPrefix
2026-07-18 00:12:27.655 DEBUG [api-gateway, NO-ID] --- [reshExecutor-%d] o.s.c.g.r.RouteDefinitionRouteLocator    : RouteDefinition matched: interaction-service
2026-07-18 00:12:27.655 DEBUG [api-gateway, NO-ID] --- [reshExecutor-%d] o.s.c.g.r.RouteDefinitionRouteLocator    : RouteDefinition notification-service applying {_genkey_0=/notification/**} to Path
2026-07-18 00:12:27.655 DEBUG [api-gateway, NO-ID] --- [reshExecutor-%d] o.s.c.g.r.RouteDefinitionRouteLocator    : RouteDefinition notification-service applying filter {_genkey_0=1} to StripPrefix
2026-07-18 00:12:27.656 DEBUG [api-gateway, NO-ID] --- [reshExecutor-%d] o.s.c.g.r.RouteDefinitionRouteLocator    : RouteDefinition matched: notification-service
2026-07-18 00:12:27.656 DEBUG [api-gateway, NO-ID] --- [reshExecutor-%d] o.s.c.g.filter.GatewayMetricsFilter      : New routes count: 6
2026-07-18 00:12:57.663 DEBUG [api-gateway, NO-ID] --- [reshExecutor-%d] o.s.c.g.r.RouteDefinitionRouteLocator    : RouteDefinition identity-service applying {_genkey_0=/identity/**} to Path
2026-07-18 00:12:57.664 DEBUG [api-gateway, NO-ID] --- [reshExecutor-%d] o.s.c.g.r.RouteDefinitionRouteLocator    : RouteDefinition identity-service applying filter {_genkey_0=1} to StripPrefix
2026-07-18 00:12:57.664 DEBUG [api-gateway, NO-ID] --- [reshExecutor-%d] o.s.c.g.r.RouteDefinitionRouteLocator    : RouteDefinition matched: identity-service
2026-07-18 00:12:57.664 DEBUG [api-gateway, NO-ID] --- [reshExecutor-%d] o.s.c.g.r.RouteDefinitionRouteLocator    : RouteDefinition profile-service applying {_genkey_0=/profile/**} to Path
2026-07-18 00:12:57.664 DEBUG [api-gateway, NO-ID] --- [reshExecutor-%d] o.s.c.g.r.RouteDefinitionRouteLocator    : RouteDefinition profile-service applying filter {_genkey_0=1} to StripPrefix
2026-07-18 00:12:57.664 DEBUG [api-gateway, NO-ID] --- [reshExecutor-%d] o.s.c.g.r.RouteDefinitionRouteLocator    : RouteDefinition matched: profile-service
2026-07-18 00:12:57.664 DEBUG [api-gateway, NO-ID] --- [reshExecutor-%d] o.s.c.g.r.RouteDefinitionRouteLocator    : RouteDefinition post-service applying {_genkey_0=/post/**} to Path
2026-07-18 00:12:57.665 DEBUG [api-gateway, NO-ID] --- [reshExecutor-%d] o.s.c.g.r.RouteDefinitionRouteLocator    : RouteDefinition post-service applying filter {_genkey_0=1} to StripPrefix
2026-07-18 00:12:57.665 DEBUG [api-gateway, NO-ID] --- [reshExecutor-%d] o.s.c.g.r.RouteDefinitionRouteLocator    : RouteDefinition matched: post-service
2026-07-18 00:12:57.665 DEBUG [api-gateway, NO-ID] --- [reshExecutor-%d] o.s.c.g.r.RouteDefinitionRouteLocator    : RouteDefinition comment-service applying {_genkey_0=/comment/**} to Path
2026-07-18 00:12:57.665 DEBUG [api-gateway, NO-ID] --- [reshExecutor-%d] o.s.c.g.r.RouteDefinitionRouteLocator    : RouteDefinition comment-service applying filter {_genkey_0=1} to StripPrefix
2026-07-18 00:12:57.665 DEBUG [api-gateway, NO-ID] --- [reshExecutor-%d] o.s.c.g.r.RouteDefinitionRouteLocator    : RouteDefinition matched: comment-service
2026-07-18 00:12:57.665 DEBUG [api-gateway, NO-ID] --- [reshExecutor-%d] o.s.c.g.r.RouteDefinitionRouteLocator    : RouteDefinition interaction-service applying {_genkey_0=/interaction/**} to Path
2026-07-18 00:12:57.665 DEBUG [api-gateway, NO-ID] --- [reshExecutor-%d] o.s.c.g.r.RouteDefinitionRouteLocator    : RouteDefinition interaction-service applying filter {_genkey_0=1} to StripPrefix
2026-07-18 00:12:57.665 DEBUG [api-gateway, NO-ID] --- [reshExecutor-%d] o.s.c.g.r.RouteDefinitionRouteLocator    : RouteDefinition matched: interaction-service
2026-07-18 00:12:57.665 DEBUG [api-gateway, NO-ID] --- [reshExecutor-%d] o.s.c.g.r.RouteDefinitionRouteLocator    : RouteDefinition notification-service applying {_genkey_0=/notification/**} to Path
2026-07-18 00:12:57.666 DEBUG [api-gateway, NO-ID] --- [reshExecutor-%d] o.s.c.g.r.RouteDefinitionRouteLocator    : RouteDefinition notification-service applying filter {_genkey_0=1} to StripPrefix
2026-07-18 00:12:57.666 DEBUG [api-gateway, NO-ID] --- [reshExecutor-%d] o.s.c.g.r.RouteDefinitionRouteLocator    : RouteDefinition matched: notification-service
2026-07-18 00:12:57.666 DEBUG [api-gateway, NO-ID] --- [reshExecutor-%d] o.s.c.g.filter.GatewayMetricsFilter      : New routes count: 6
2026-07-18 00:13:27.694 DEBUG [api-gateway, NO-ID] --- [reshExecutor-%d] o.s.c.g.r.RouteDefinitionRouteLocator    : RouteDefinition identity-service applying {_genkey_0=/identity/**} to Path
2026-07-18 00:13:27.695 DEBUG [api-gateway, NO-ID] --- [reshExecutor-%d] o.s.c.g.r.RouteDefinitionRouteLocator    : RouteDefinition identity-service applying filter {_genkey_0=1} to StripPrefix
2026-07-18 00:13:27.695 DEBUG [api-gateway, NO-ID] --- [reshExecutor-%d] o.s.c.g.r.RouteDefinitionRouteLocator    : RouteDefinition matched: identity-service
2026-07-18 00:13:27.695 DEBUG [api-gateway, NO-ID] --- [reshExecutor-%d] o.s.c.g.r.RouteDefinitionRouteLocator    : RouteDefinition profile-service applying {_genkey_0=/profile/**} to Path
2026-07-18 00:13:27.695 DEBUG [api-gateway, NO-ID] --- [reshExecutor-%d] o.s.c.g.r.RouteDefinitionRouteLocator    : RouteDefinition profile-service applying filter {_genkey_0=1} to StripPrefix
2026-07-18 00:13:27.696 DEBUG [api-gateway, NO-ID] --- [reshExecutor-%d] o.s.c.g.r.RouteDefinitionRouteLocator    : RouteDefinition matched: profile-service
2026-07-18 00:13:27.696 DEBUG [api-gateway, NO-ID] --- [reshExecutor-%d] o.s.c.g.r.RouteDefinitionRouteLocator    : RouteDefinition post-service applying {_genkey_0=/post/**} to Path
2026-07-18 00:13:27.696 DEBUG [api-gateway, NO-ID] --- [reshExecutor-%d] o.s.c.g.r.RouteDefinitionRouteLocator    : RouteDefinition post-service applying filter {_genkey_0=1} to StripPrefix
2026-07-18 00:13:27.696 DEBUG [api-gateway, NO-ID] --- [reshExecutor-%d] o.s.c.g.r.RouteDefinitionRouteLocator    : RouteDefinition matched: post-service
2026-07-18 00:13:27.696 DEBUG [api-gateway, NO-ID] --- [reshExecutor-%d] o.s.c.g.r.RouteDefinitionRouteLocator    : RouteDefinition comment-service applying {_genkey_0=/comment/**} to Path
2026-07-18 00:13:27.696 DEBUG [api-gateway, NO-ID] --- [reshExecutor-%d] o.s.c.g.r.RouteDefinitionRouteLocator    : RouteDefinition comment-service applying filter {_genkey_0=1} to StripPrefix
2026-07-18 00:13:27.697 DEBUG [api-gateway, NO-ID] --- [reshExecutor-%d] o.s.c.g.r.RouteDefinitionRouteLocator    : RouteDefinition matched: comment-service
2026-07-18 00:13:27.697 DEBUG [api-gateway, NO-ID] --- [reshExecutor-%d] o.s.c.g.r.RouteDefinitionRouteLocator    : RouteDefinition interaction-service applying {_genkey_0=/interaction/**} to Path
2026-07-18 00:13:27.697 DEBUG [api-gateway, NO-ID] --- [reshExecutor-%d] o.s.c.g.r.RouteDefinitionRouteLocator    : RouteDefinition interaction-service applying filter {_genkey_0=1} to StripPrefix
2026-07-18 00:13:27.697 DEBUG [api-gateway, NO-ID] --- [reshExecutor-%d] o.s.c.g.r.RouteDefinitionRouteLocator    : RouteDefinition matched: interaction-service
2026-07-18 00:13:27.697 DEBUG [api-gateway, NO-ID] --- [reshExecutor-%d] o.s.c.g.r.RouteDefinitionRouteLocator    : RouteDefinition notification-service applying {_genkey_0=/notification/**} to Path
2026-07-18 00:13:27.697 DEBUG [api-gateway, NO-ID] --- [reshExecutor-%d] o.s.c.g.r.RouteDefinitionRouteLocator    : RouteDefinition notification-service applying filter {_genkey_0=1} to StripPrefix
2026-07-18 00:13:27.697 DEBUG [api-gateway, NO-ID] --- [reshExecutor-%d] o.s.c.g.r.RouteDefinitionRouteLocator    : RouteDefinition matched: notification-service
2026-07-18 00:13:27.697 DEBUG [api-gateway, NO-ID] --- [reshExecutor-%d] o.s.c.g.filter.GatewayMetricsFilter      : New routes count: 6
2026-07-18 00:13:57.707 DEBUG [api-gateway, NO-ID] --- [reshExecutor-%d] o.s.c.g.r.RouteDefinitionRouteLocator    : RouteDefinition identity-service applying {_genkey_0=/identity/**} to Path
2026-07-18 00:13:57.708 DEBUG [api-gateway, NO-ID] --- [reshExecutor-%d] o.s.c.g.r.RouteDefinitionRouteLocator    : RouteDefinition identity-service applying filter {_genkey_0=1} to StripPrefix
2026-07-18 00:13:57.709 DEBUG [api-gateway, NO-ID] --- [reshExecutor-%d] o.s.c.g.r.RouteDefinitionRouteLocator    : RouteDefinition matched: identity-service
2026-07-18 00:13:57.709 DEBUG [api-gateway, NO-ID] --- [reshExecutor-%d] o.s.c.g.r.RouteDefinitionRouteLocator    : RouteDefinition profile-service applying {_genkey_0=/profile/**} to Path
2026-07-18 00:13:57.710 DEBUG [api-gateway, NO-ID] --- [reshExecutor-%d] o.s.c.g.r.RouteDefinitionRouteLocator    : RouteDefinition profile-service applying filter {_genkey_0=1} to StripPrefix
2026-07-18 00:13:57.710 DEBUG [api-gateway, NO-ID] --- [reshExecutor-%d] o.s.c.g.r.RouteDefinitionRouteLocator    : RouteDefinition matched: profile-service
2026-07-18 00:13:57.710 DEBUG [api-gateway, NO-ID] --- [reshExecutor-%d] o.s.c.g.r.RouteDefinitionRouteLocator    : RouteDefinition post-service applying {_genkey_0=/post/**} to Path
2026-07-18 00:13:57.710 DEBUG [api-gateway, NO-ID] --- [reshExecutor-%d] o.s.c.g.r.RouteDefinitionRouteLocator    : RouteDefinition post-service applying filter {_genkey_0=1} to StripPrefix
2026-07-18 00:13:57.710 DEBUG [api-gateway, NO-ID] --- [reshExecutor-%d] o.s.c.g.r.RouteDefinitionRouteLocator    : RouteDefinition matched: post-service
2026-07-18 00:13:57.710 DEBUG [api-gateway, NO-ID] --- [reshExecutor-%d] o.s.c.g.r.RouteDefinitionRouteLocator    : RouteDefinition comment-service applying {_genkey_0=/comment/**} to Path
2026-07-18 00:13:57.711 DEBUG [api-gateway, NO-ID] --- [reshExecutor-%d] o.s.c.g.r.RouteDefinitionRouteLocator    : RouteDefinition comment-service applying filter {_genkey_0=1} to StripPrefix
2026-07-18 00:13:57.711 DEBUG [api-gateway, NO-ID] --- [reshExecutor-%d] o.s.c.g.r.RouteDefinitionRouteLocator    : RouteDefinition matched: comment-service
2026-07-18 00:13:57.711 DEBUG [api-gateway, NO-ID] --- [reshExecutor-%d] o.s.c.g.r.RouteDefinitionRouteLocator    : RouteDefinition interaction-service applying {_genkey_0=/interaction/**} to Path
2026-07-18 00:13:57.711 DEBUG [api-gateway, NO-ID] --- [reshExecutor-%d] o.s.c.g.r.RouteDefinitionRouteLocator    : RouteDefinition interaction-service applying filter {_genkey_0=1} to StripPrefix
2026-07-18 00:13:57.711 DEBUG [api-gateway, NO-ID] --- [reshExecutor-%d] o.s.c.g.r.RouteDefinitionRouteLocator    : RouteDefinition matched: interaction-service
2026-07-18 00:13:57.711 DEBUG [api-gateway, NO-ID] --- [reshExecutor-%d] o.s.c.g.r.RouteDefinitionRouteLocator    : RouteDefinition notification-service applying {_genkey_0=/notification/**} to Path
2026-07-18 00:13:57.712 DEBUG [api-gateway, NO-ID] --- [reshExecutor-%d] o.s.c.g.r.RouteDefinitionRouteLocator    : RouteDefinition notification-service applying filter {_genkey_0=1} to StripPrefix
2026-07-18 00:13:57.712 DEBUG [api-gateway, NO-ID] --- [reshExecutor-%d] o.s.c.g.r.RouteDefinitionRouteLocator    : RouteDefinition matched: notification-service
2026-07-18 00:13:57.712 DEBUG [api-gateway, NO-ID] --- [reshExecutor-%d] o.s.c.g.filter.GatewayMetricsFilter      : New routes count: 6
2026-07-18 00:14:27.720 DEBUG [api-gateway, NO-ID] --- [reshExecutor-%d] o.s.c.g.r.RouteDefinitionRouteLocator    : RouteDefinition identity-service applying {_genkey_0=/identity/**} to Path
2026-07-18 00:14:27.721 DEBUG [api-gateway, NO-ID] --- [reshExecutor-%d] o.s.c.g.r.RouteDefinitionRouteLocator    : RouteDefinition identity-service applying filter {_genkey_0=1} to StripPrefix
2026-07-18 00:14:27.721 DEBUG [api-gateway, NO-ID] --- [reshExecutor-%d] o.s.c.g.r.RouteDefinitionRouteLocator    : RouteDefinition matched: identity-service
2026-07-18 00:14:27.721 DEBUG [api-gateway, NO-ID] --- [reshExecutor-%d] o.s.c.g.r.RouteDefinitionRouteLocator    : RouteDefinition profile-service applying {_genkey_0=/profile/**} to Path
2026-07-18 00:14:27.721 DEBUG [api-gateway, NO-ID] --- [reshExecutor-%d] o.s.c.g.r.RouteDefinitionRouteLocator    : RouteDefinition profile-service applying filter {_genkey_0=1} to StripPrefix
2026-07-18 00:14:27.721 DEBUG [api-gateway, NO-ID] --- [reshExecutor-%d] o.s.c.g.r.RouteDefinitionRouteLocator    : RouteDefinition matched: profile-service
2026-07-18 00:14:27.721 DEBUG [api-gateway, NO-ID] --- [reshExecutor-%d] o.s.c.g.r.RouteDefinitionRouteLocator    : RouteDefinition post-service applying {_genkey_0=/post/**} to Path
2026-07-18 00:14:27.722 DEBUG [api-gateway, NO-ID] --- [reshExecutor-%d] o.s.c.g.r.RouteDefinitionRouteLocator    : RouteDefinition post-service applying filter {_genkey_0=1} to StripPrefix
2026-07-18 00:14:27.722 DEBUG [api-gateway, NO-ID] --- [reshExecutor-%d] o.s.c.g.r.RouteDefinitionRouteLocator    : RouteDefinition matched: post-service
2026-07-18 00:14:27.722 DEBUG [api-gateway, NO-ID] --- [reshExecutor-%d] o.s.c.g.r.RouteDefinitionRouteLocator    : RouteDefinition comment-service applying {_genkey_0=/comment/**} to Path
2026-07-18 00:14:27.722 DEBUG [api-gateway, NO-ID] --- [reshExecutor-%d] o.s.c.g.r.RouteDefinitionRouteLocator    : RouteDefinition comment-service applying filter {_genkey_0=1} to StripPrefix
2026-07-18 00:14:27.722 DEBUG [api-gateway, NO-ID] --- [reshExecutor-%d] o.s.c.g.r.RouteDefinitionRouteLocator    : RouteDefinition matched: comment-service
2026-07-18 00:14:27.722 DEBUG [api-gateway, NO-ID] --- [reshExecutor-%d] o.s.c.g.r.RouteDefinitionRouteLocator    : RouteDefinition interaction-service applying {_genkey_0=/interaction/**} to Path
2026-07-18 00:14:27.723 DEBUG [api-gateway, NO-ID] --- [reshExecutor-%d] o.s.c.g.r.RouteDefinitionRouteLocator    : RouteDefinition interaction-service applying filter {_genkey_0=1} to StripPrefix
2026-07-18 00:14:27.723 DEBUG [api-gateway, NO-ID] --- [reshExecutor-%d] o.s.c.g.r.RouteDefinitionRouteLocator    : RouteDefinition matched: interaction-service
2026-07-18 00:14:27.723 DEBUG [api-gateway, NO-ID] --- [reshExecutor-%d] o.s.c.g.r.RouteDefinitionRouteLocator    : RouteDefinition notification-service applying {_genkey_0=/notification/**} to Path
2026-07-18 00:14:27.724 DEBUG [api-gateway, NO-ID] --- [reshExecutor-%d] o.s.c.g.r.RouteDefinitionRouteLocator    : RouteDefinition notification-service applying filter {_genkey_0=1} to StripPrefix
2026-07-18 00:14:27.724 DEBUG [api-gateway, NO-ID] --- [reshExecutor-%d] o.s.c.g.r.RouteDefinitionRouteLocator    : RouteDefinition matched: notification-service
2026-07-18 00:14:27.724 DEBUG [api-gateway, NO-ID] --- [reshExecutor-%d] o.s.c.g.filter.GatewayMetricsFilter      : New routes count: 6
2026-07-18 00:14:57.739 DEBUG [api-gateway, NO-ID] --- [reshExecutor-%d] o.s.c.g.r.RouteDefinitionRouteLocator    : RouteDefinition identity-service applying {_genkey_0=/identity/**} to Path
2026-07-18 00:14:57.740 DEBUG [api-gateway, NO-ID] --- [reshExecutor-%d] o.s.c.g.r.RouteDefinitionRouteLocator    : RouteDefinition identity-service applying filter {_genkey_0=1} to StripPrefix
2026-07-18 00:14:57.740 DEBUG [api-gateway, NO-ID] --- [reshExecutor-%d] o.s.c.g.r.RouteDefinitionRouteLocator    : RouteDefinition matched: identity-service
2026-07-18 00:14:57.740 DEBUG [api-gateway, NO-ID] --- [reshExecutor-%d] o.s.c.g.r.RouteDefinitionRouteLocator    : RouteDefinition profile-service applying {_genkey_0=/profile/**} to Path
2026-07-18 00:14:57.740 DEBUG [api-gateway, NO-ID] --- [reshExecutor-%d] o.s.c.g.r.RouteDefinitionRouteLocator    : RouteDefinition profile-service applying filter {_genkey_0=1} to StripPrefix
2026-07-18 00:14:57.741 DEBUG [api-gateway, NO-ID] --- [reshExecutor-%d] o.s.c.g.r.RouteDefinitionRouteLocator    : RouteDefinition matched: profile-service
2026-07-18 00:14:57.741 DEBUG [api-gateway, NO-ID] --- [reshExecutor-%d] o.s.c.g.r.RouteDefinitionRouteLocator    : RouteDefinition post-service applying {_genkey_0=/post/**} to Path
2026-07-18 00:14:57.741 DEBUG [api-gateway, NO-ID] --- [reshExecutor-%d] o.s.c.g.r.RouteDefinitionRouteLocator    : RouteDefinition post-service applying filter {_genkey_0=1} to StripPrefix
2026-07-18 00:14:57.741 DEBUG [api-gateway, NO-ID] --- [reshExecutor-%d] o.s.c.g.r.RouteDefinitionRouteLocator    : RouteDefinition matched: post-service
2026-07-18 00:14:57.741 DEBUG [api-gateway, NO-ID] --- [reshExecutor-%d] o.s.c.g.r.RouteDefinitionRouteLocator    : RouteDefinition comment-service applying {_genkey_0=/comment/**} to Path
2026-07-18 00:14:57.741 DEBUG [api-gateway, NO-ID] --- [reshExecutor-%d] o.s.c.g.r.RouteDefinitionRouteLocator    : RouteDefinition comment-service applying filter {_genkey_0=1} to StripPrefix
2026-07-18 00:14:57.742 DEBUG [api-gateway, NO-ID] --- [reshExecutor-%d] o.s.c.g.r.RouteDefinitionRouteLocator    : RouteDefinition matched: comment-service
2026-07-18 00:14:57.742 DEBUG [api-gateway, NO-ID] --- [reshExecutor-%d] o.s.c.g.r.RouteDefinitionRouteLocator    : RouteDefinition interaction-service applying {_genkey_0=/interaction/**} to Path
2026-07-18 00:14:57.742 DEBUG [api-gateway, NO-ID] --- [reshExecutor-%d] o.s.c.g.r.RouteDefinitionRouteLocator    : RouteDefinition interaction-service applying filter {_genkey_0=1} to StripPrefix
2026-07-18 00:14:57.742 DEBUG [api-gateway, NO-ID] --- [reshExecutor-%d] o.s.c.g.r.RouteDefinitionRouteLocator    : RouteDefinition matched: interaction-service
2026-07-18 00:14:57.742 DEBUG [api-gateway, NO-ID] --- [reshExecutor-%d] o.s.c.g.r.RouteDefinitionRouteLocator    : RouteDefinition notification-service applying {_genkey_0=/notification/**} to Path
2026-07-18 00:14:57.743 DEBUG [api-gateway, NO-ID] --- [reshExecutor-%d] o.s.c.g.r.RouteDefinitionRouteLocator    : RouteDefinition notification-service applying filter {_genkey_0=1} to StripPrefix
2026-07-18 00:14:57.743 DEBUG [api-gateway, NO-ID] --- [reshExecutor-%d] o.s.c.g.r.RouteDefinitionRouteLocator    : RouteDefinition matched: notification-service
2026-07-18 00:14:57.743 DEBUG [api-gateway, NO-ID] --- [reshExecutor-%d] o.s.c.g.filter.GatewayMetricsFilter      : New routes count: 6
2026-07-18 00:15:27.751 DEBUG [api-gateway, NO-ID] --- [reshExecutor-%d] o.s.c.g.r.RouteDefinitionRouteLocator    : RouteDefinition identity-service applying {_genkey_0=/identity/**} to Path
2026-07-18 00:15:27.752 DEBUG [api-gateway, NO-ID] --- [reshExecutor-%d] o.s.c.g.r.RouteDefinitionRouteLocator    : RouteDefinition identity-service applying filter {_genkey_0=1} to StripPrefix
2026-07-18 00:15:27.753 DEBUG [api-gateway, NO-ID] --- [reshExecutor-%d] o.s.c.g.r.RouteDefinitionRouteLocator    : RouteDefinition matched: identity-service
2026-07-18 00:15:27.753 DEBUG [api-gateway, NO-ID] --- [reshExecutor-%d] o.s.c.g.r.RouteDefinitionRouteLocator    : RouteDefinition profile-service applying {_genkey_0=/profile/**} to Path
2026-07-18 00:15:27.753 DEBUG [api-gateway, NO-ID] --- [reshExecutor-%d] o.s.c.g.r.RouteDefinitionRouteLocator    : RouteDefinition profile-service applying filter {_genkey_0=1} to StripPrefix
2026-07-18 00:15:27.753 DEBUG [api-gateway, NO-ID] --- [reshExecutor-%d] o.s.c.g.r.RouteDefinitionRouteLocator    : RouteDefinition matched: profile-service
2026-07-18 00:15:27.753 DEBUG [api-gateway, NO-ID] --- [reshExecutor-%d] o.s.c.g.r.RouteDefinitionRouteLocator    : RouteDefinition post-service applying {_genkey_0=/post/**} to Path
2026-07-18 00:15:27.753 DEBUG [api-gateway, NO-ID] --- [reshExecutor-%d] o.s.c.g.r.RouteDefinitionRouteLocator    : RouteDefinition post-service applying filter {_genkey_0=1} to StripPrefix
2026-07-18 00:15:27.753 DEBUG [api-gateway, NO-ID] --- [reshExecutor-%d] o.s.c.g.r.RouteDefinitionRouteLocator    : RouteDefinition matched: post-service
2026-07-18 00:15:27.753 DEBUG [api-gateway, NO-ID] --- [reshExecutor-%d] o.s.c.g.r.RouteDefinitionRouteLocator    : RouteDefinition comment-service applying {_genkey_0=/comment/**} to Path
2026-07-18 00:15:27.754 DEBUG [api-gateway, NO-ID] --- [reshExecutor-%d] o.s.c.g.r.RouteDefinitionRouteLocator    : RouteDefinition comment-service applying filter {_genkey_0=1} to StripPrefix
2026-07-18 00:15:27.754 DEBUG [api-gateway, NO-ID] --- [reshExecutor-%d] o.s.c.g.r.RouteDefinitionRouteLocator    : RouteDefinition matched: comment-service
2026-07-18 00:15:27.754 DEBUG [api-gateway, NO-ID] --- [reshExecutor-%d] o.s.c.g.r.RouteDefinitionRouteLocator    : RouteDefinition interaction-service applying {_genkey_0=/interaction/**} to Path
2026-07-18 00:15:27.754 DEBUG [api-gateway, NO-ID] --- [reshExecutor-%d] o.s.c.g.r.RouteDefinitionRouteLocator    : RouteDefinition interaction-service applying filter {_genkey_0=1} to StripPrefix
2026-07-18 00:15:27.754 DEBUG [api-gateway, NO-ID] --- [reshExecutor-%d] o.s.c.g.r.RouteDefinitionRouteLocator    : RouteDefinition matched: interaction-service
2026-07-18 00:15:27.754 DEBUG [api-gateway, NO-ID] --- [reshExecutor-%d] o.s.c.g.r.RouteDefinitionRouteLocator    : RouteDefinition notification-service applying {_genkey_0=/notification/**} to Path
2026-07-18 00:15:27.755 DEBUG [api-gateway, NO-ID] --- [reshExecutor-%d] o.s.c.g.r.RouteDefinitionRouteLocator    : RouteDefinition notification-service applying filter {_genkey_0=1} to StripPrefix
2026-07-18 00:15:27.755 DEBUG [api-gateway, NO-ID] --- [reshExecutor-%d] o.s.c.g.r.RouteDefinitionRouteLocator    : RouteDefinition matched: notification-service
2026-07-18 00:15:27.755 DEBUG [api-gateway, NO-ID] --- [reshExecutor-%d] o.s.c.g.filter.GatewayMetricsFilter      : New routes count: 6
2026-07-18 00:15:57.762 DEBUG [api-gateway, NO-ID] --- [reshExecutor-%d] o.s.c.g.r.RouteDefinitionRouteLocator    : RouteDefinition identity-service applying {_genkey_0=/identity/**} to Path
2026-07-18 00:15:57.763 DEBUG [api-gateway, NO-ID] --- [reshExecutor-%d] o.s.c.g.r.RouteDefinitionRouteLocator    : RouteDefinition identity-service applying filter {_genkey_0=1} to StripPrefix
2026-07-18 00:15:57.763 DEBUG [api-gateway, NO-ID] --- [reshExecutor-%d] o.s.c.g.r.RouteDefinitionRouteLocator    : RouteDefinition matched: identity-service
2026-07-18 00:15:57.763 DEBUG [api-gateway, NO-ID] --- [reshExecutor-%d] o.s.c.g.r.RouteDefinitionRouteLocator    : RouteDefinition profile-service applying {_genkey_0=/profile/**} to Path
2026-07-18 00:15:57.764 DEBUG [api-gateway, NO-ID] --- [reshExecutor-%d] o.s.c.g.r.RouteDefinitionRouteLocator    : RouteDefinition profile-service applying filter {_genkey_0=1} to StripPrefix
2026-07-18 00:15:57.764 DEBUG [api-gateway, NO-ID] --- [reshExecutor-%d] o.s.c.g.r.RouteDefinitionRouteLocator    : RouteDefinition matched: profile-service
2026-07-18 00:15:57.764 DEBUG [api-gateway, NO-ID] --- [reshExecutor-%d] o.s.c.g.r.RouteDefinitionRouteLocator    : RouteDefinition post-service applying {_genkey_0=/post/**} to Path
2026-07-18 00:15:57.764 DEBUG [api-gateway, NO-ID] --- [reshExecutor-%d] o.s.c.g.r.RouteDefinitionRouteLocator    : RouteDefinition post-service applying filter {_genkey_0=1} to StripPrefix
2026-07-18 00:15:57.765 DEBUG [api-gateway, NO-ID] --- [reshExecutor-%d] o.s.c.g.r.RouteDefinitionRouteLocator    : RouteDefinition matched: post-service
2026-07-18 00:15:57.765 DEBUG [api-gateway, NO-ID] --- [reshExecutor-%d] o.s.c.g.r.RouteDefinitionRouteLocator    : RouteDefinition comment-service applying {_genkey_0=/comment/**} to Path
2026-07-18 00:15:57.765 DEBUG [api-gateway, NO-ID] --- [reshExecutor-%d] o.s.c.g.r.RouteDefinitionRouteLocator    : RouteDefinition comment-service applying filter {_genkey_0=1} to StripPrefix
2026-07-18 00:15:57.765 DEBUG [api-gateway, NO-ID] --- [reshExecutor-%d] o.s.c.g.r.RouteDefinitionRouteLocator    : RouteDefinition matched: comment-service
2026-07-18 00:15:57.765 DEBUG [api-gateway, NO-ID] --- [reshExecutor-%d] o.s.c.g.r.RouteDefinitionRouteLocator    : RouteDefinition interaction-service applying {_genkey_0=/interaction/**} to Path
2026-07-18 00:15:57.766 DEBUG [api-gateway, NO-ID] --- [reshExecutor-%d] o.s.c.g.r.RouteDefinitionRouteLocator    : RouteDefinition interaction-service applying filter {_genkey_0=1} to StripPrefix
2026-07-18 00:15:57.766 DEBUG [api-gateway, NO-ID] --- [reshExecutor-%d] o.s.c.g.r.RouteDefinitionRouteLocator    : RouteDefinition matched: interaction-service
2026-07-18 00:15:57.766 DEBUG [api-gateway, NO-ID] --- [reshExecutor-%d] o.s.c.g.r.RouteDefinitionRouteLocator    : RouteDefinition notification-service applying {_genkey_0=/notification/**} to Path
2026-07-18 00:15:57.766 DEBUG [api-gateway, NO-ID] --- [reshExecutor-%d] o.s.c.g.r.RouteDefinitionRouteLocator    : RouteDefinition notification-service applying filter {_genkey_0=1} to StripPrefix
2026-07-18 00:15:57.766 DEBUG [api-gateway, NO-ID] --- [reshExecutor-%d] o.s.c.g.r.RouteDefinitionRouteLocator    : RouteDefinition matched: notification-service
2026-07-18 00:15:57.767 DEBUG [api-gateway, NO-ID] --- [reshExecutor-%d] o.s.c.g.filter.GatewayMetricsFilter      : New routes count: 6
2026-07-18 00:16:25.915  INFO [api-gateway, NO-ID] --- [ionShutdownHook] o.s.c.n.e.s.EurekaServiceRegistry        : Unregistering application API-GATEWAY with eureka with status DOWN
2026-07-18 00:16:25.915  INFO [api-gateway, NO-ID] --- [ionShutdownHook] com.netflix.discovery.DiscoveryClient    : Saw local status change event StatusChangeEvent [timestamp=1784308585915, current=DOWN, previous=UP]
2026-07-18 00:16:25.915  INFO [api-gateway, NO-ID] --- [foReplicator-%d] com.netflix.discovery.DiscoveryClient    : DiscoveryClient_API-GATEWAY/api-gateway:8888: registering service...
2026-07-18 00:16:25.920  INFO [api-gateway, NO-ID] --- [ionShutdownHook] o.s.b.w.e.tomcat.GracefulShutdown        : Commencing graceful shutdown. Waiting for active requests to complete
2026-07-18 00:16:25.932  INFO [api-gateway, NO-ID] --- [tomcat-shutdown] o.s.b.w.e.tomcat.GracefulShutdown        : Graceful shutdown complete
2026-07-18 00:16:25.937  INFO [api-gateway, NO-ID] --- [foReplicator-%d] com.netflix.discovery.DiscoveryClient    : DiscoveryClient_API-GATEWAY/api-gateway:8888 - registration status: 204
2026-07-18 00:16:25.982  INFO [api-gateway, NO-ID] --- [ionShutdownHook] com.netflix.discovery.DiscoveryClient    : Shutting down DiscoveryClient ...
2026-07-18 00:16:27.228  INFO [api-gateway, NO-ID] --- [beatExecutor-%d] o.a.h.c.h.i.c.HttpRequestRetryExec       : ex-0000000138 recoverable I/O exception (java.net.SocketException) caught when sending request to http://localhost:8761;request will be automatically re-executed in 0 MILLISECONDS (exec count 2)
2026-07-18 00:16:27.246  INFO [api-gateway, NO-ID] --- [beatExecutor-%d] c.n.d.s.t.d.RedirectingEurekaHttpClient  : Request execution error. endpoint=DefaultEndpoint{ serviceUrl='http://localhost:8761/eureka/} exception=I/O error on PUT request for "http://localhost:8761/eureka/apps/API-GATEWAY/api-gateway:8888": Connect to http://localhost:8761 failed: Connection refused: getsockopt stacktrace=org.springframework.web.client.ResourceAccessException: I/O error on PUT request for "http://localhost:8761/eureka/apps/API-GATEWAY/api-gateway:8888": Connect to http://localhost:8761 failed: Connection refused: getsockopt
	at org.springframework.web.client.RestTemplate.createResourceAccessException(RestTemplate.java:926)
	at org.springframework.web.client.RestTemplate.doExecute(RestTemplate.java:906)
	at org.springframework.web.client.RestTemplate.execute(RestTemplate.java:841)
	at org.springframework.web.client.RestTemplate.exchange(RestTemplate.java:702)
	at org.springframework.cloud.netflix.eureka.http.RestTemplateEurekaHttpClient.sendHeartBeat(RestTemplateEurekaHttpClient.java:119)
	at com.netflix.discovery.shared.transport.decorator.EurekaHttpClientDecorator$3.execute(EurekaHttpClientDecorator.java:92)
	at com.netflix.discovery.shared.transport.decorator.RedirectingEurekaHttpClient.execute(RedirectingEurekaHttpClient.java:91)
	at com.netflix.discovery.shared.transport.decorator.EurekaHttpClientDecorator.sendHeartBeat(EurekaHttpClientDecorator.java:89)
	at com.netflix.discovery.shared.transport.decorator.EurekaHttpClientDecorator$3.execute(EurekaHttpClientDecorator.java:92)
	at com.netflix.discovery.shared.transport.decorator.RetryableEurekaHttpClient.execute(RetryableEurekaHttpClient.java:120)
	at com.netflix.discovery.shared.transport.decorator.EurekaHttpClientDecorator.sendHeartBeat(EurekaHttpClientDecorator.java:89)
	at com.netflix.discovery.shared.transport.decorator.EurekaHttpClientDecorator$3.execute(EurekaHttpClientDecorator.java:92)
	at com.netflix.discovery.shared.transport.decorator.SessionedEurekaHttpClient.execute(SessionedEurekaHttpClient.java:76)
	at com.netflix.discovery.shared.transport.decorator.EurekaHttpClientDecorator.sendHeartBeat(EurekaHttpClientDecorator.java:89)
	at com.netflix.discovery.DiscoveryClient.renew(DiscoveryClient.java:845)
	at com.netflix.discovery.DiscoveryClient$HeartbeatThread.run(DiscoveryClient.java:1402)
	at java.base/java.util.concurrent.Executors$RunnableAdapter.call(Executors.java:545)
	at java.base/java.util.concurrent.FutureTask.run(FutureTask.java:330)
	at java.base/java.util.concurrent.ThreadPoolExecutor.runWorker(ThreadPoolExecutor.java:1090)
	at java.base/java.util.concurrent.ThreadPoolExecutor$Worker.run(ThreadPoolExecutor.java:614)
	at java.base/java.lang.Thread.run(Thread.java:1516)
Caused by: org.apache.hc.client5.http.HttpHostConnectException: Connect to http://localhost:8761 failed: Connection refused: getsockopt
	at java.base/sun.nio.ch.Net.pollConnect(Native Method)
	at java.base/sun.nio.ch.Net.pollConnectNow(Net.java:642)
	at java.base/sun.nio.ch.NioSocketImpl.timedFinishConnect(NioSocketImpl.java:548)
	at java.base/sun.nio.ch.NioSocketImpl.connect(NioSocketImpl.java:599)
	at java.base/java.net.SocksSocketImpl.connect(SocksSocketImpl.java:284)
	at java.base/java.net.Socket.connect(Socket.java:668)
	at org.apache.hc.client5.http.impl.io.DefaultHttpClientConnectionOperator.connect(DefaultHttpClientConnectionOperator.java:226)
	at org.apache.hc.client5.http.impl.io.PoolingHttpClientConnectionManager.connect(PoolingHttpClientConnectionManager.java:497)
	at org.apache.hc.client5.http.impl.classic.InternalExecRuntime.connectEndpoint(InternalExecRuntime.java:164)
	at org.apache.hc.client5.http.impl.classic.InternalExecRuntime.connectEndpoint(InternalExecRuntime.java:174)
	at org.apache.hc.client5.http.impl.classic.ConnectExec.execute(ConnectExec.java:144)
	at org.apache.hc.client5.http.impl.classic.ExecChainElement.execute(ExecChainElement.java:51)
	at org.apache.hc.client5.http.impl.classic.ProtocolExec.execute(ProtocolExec.java:195)
	at org.apache.hc.client5.http.impl.classic.ExecChainElement.execute(ExecChainElement.java:51)
	at org.apache.hc.client5.http.impl.classic.ContentCompressionExec.execute(ContentCompressionExec.java:168)
	at org.apache.hc.client5.http.impl.classic.ExecChainElement.execute(ExecChainElement.java:51)
	at org.apache.hc.client5.http.impl.classic.HttpRequestRetryExec.execute(HttpRequestRetryExec.java:112)
	at org.apache.hc.client5.http.impl.classic.ExecChainElement.execute(ExecChainElement.java:51)
	at org.apache.hc.client5.http.impl.classic.RedirectExec.execute(RedirectExec.java:110)
	at org.apache.hc.client5.http.impl.classic.ExecChainElement.execute(ExecChainElement.java:51)
	at org.apache.hc.client5.http.impl.classic.InternalHttpClient.doExecute(InternalHttpClient.java:185)
	at org.apache.hc.client5.http.impl.classic.CloseableHttpClient.execute(CloseableHttpClient.java:87)
	at org.apache.hc.client5.http.impl.classic.CloseableHttpClient.execute(CloseableHttpClient.java:55)
	at org.apache.hc.client5.http.classic.HttpClient.executeOpen(HttpClient.java:183)
	at org.springframework.http.client.HttpComponentsClientHttpRequest.executeInternal(HttpComponentsClientHttpRequest.java:99)
	at org.springframework.http.client.AbstractStreamingClientHttpRequest.executeInternal(AbstractStreamingClientHttpRequest.java:88)
	at org.springframework.http.client.AbstractClientHttpRequest.execute(AbstractClientHttpRequest.java:81)
	at org.springframework.http.client.InterceptingClientHttpRequest$InterceptingRequestExecution.execute(InterceptingClientHttpRequest.java:117)
	at org.springframework.cloud.netflix.eureka.http.RestTemplateTransportClientFactory.lambda$restTemplate$2(RestTemplateTransportClientFactory.java:145)
	at org.springframework.http.client.InterceptingClientHttpRequest$InterceptingRequestExecution.execute(InterceptingClientHttpRequest.java:88)
	at org.springframework.http.client.InterceptingClientHttpRequest.executeInternal(InterceptingClientHttpRequest.java:72)
	at org.springframework.http.client.AbstractBufferingClientHttpRequest.executeInternal(AbstractBufferingClientHttpRequest.java:48)
	at org.springframework.http.client.AbstractClientHttpRequest.execute(AbstractClientHttpRequest.java:81)
	at org.springframework.web.client.RestTemplate.doExecute(RestTemplate.java:900)
	... 19 more

2026-07-18 00:16:27.246  WARN [api-gateway, NO-ID] --- [beatExecutor-%d] c.n.d.s.t.d.RetryableEurekaHttpClient    : Request execution failed with message: I/O error on PUT request for "http://localhost:8761/eureka/apps/API-GATEWAY/api-gateway:8888": Connect to http://localhost:8761 failed: Connection refused: getsockopt
2026-07-18 00:16:27.266  INFO [api-gateway, NO-ID] --- [beatExecutor-%d] c.n.d.s.t.d.RedirectingEurekaHttpClient  : Request execution error. endpoint=DefaultEndpoint{ serviceUrl='http://localhost:8761/eureka/}, exception=I/O error on PUT request for "http://localhost:8761/eureka/apps/API-GATEWAY/api-gateway:8888": Connect to http://localhost:8761 failed: Connection refused: getsockopt stacktrace=org.springframework.web.client.ResourceAccessException: I/O error on PUT request for "http://localhost:8761/eureka/apps/API-GATEWAY/api-gateway:8888": Connect to http://localhost:8761 failed: Connection refused: getsockopt
	at org.springframework.web.client.RestTemplate.createResourceAccessException(RestTemplate.java:926)
	at org.springframework.web.client.RestTemplate.doExecute(RestTemplate.java:906)
	at org.springframework.web.client.RestTemplate.execute(RestTemplate.java:841)
	at org.springframework.web.client.RestTemplate.exchange(RestTemplate.java:702)
	at org.springframework.cloud.netflix.eureka.http.RestTemplateEurekaHttpClient.sendHeartBeat(RestTemplateEurekaHttpClient.java:119)
	at com.netflix.discovery.shared.transport.decorator.EurekaHttpClientDecorator$3.execute(EurekaHttpClientDecorator.java:92)
	at com.netflix.discovery.shared.transport.decorator.RedirectingEurekaHttpClient.executeOnNewServer(RedirectingEurekaHttpClient.java:121)
	at com.netflix.discovery.shared.transport.decorator.RedirectingEurekaHttpClient.execute(RedirectingEurekaHttpClient.java:80)
	at com.netflix.discovery.shared.transport.decorator.EurekaHttpClientDecorator.sendHeartBeat(EurekaHttpClientDecorator.java:89)
	at com.netflix.discovery.shared.transport.decorator.EurekaHttpClientDecorator$3.execute(EurekaHttpClientDecorator.java:92)
	at com.netflix.discovery.shared.transport.decorator.RetryableEurekaHttpClient.execute(RetryableEurekaHttpClient.java:120)
	at com.netflix.discovery.shared.transport.decorator.EurekaHttpClientDecorator.sendHeartBeat(EurekaHttpClientDecorator.java:89)
	at com.netflix.discovery.shared.transport.decorator.EurekaHttpClientDecorator$3.execute(EurekaHttpClientDecorator.java:92)
	at com.netflix.discovery.shared.transport.decorator.SessionedEurekaHttpClient.execute(SessionedEurekaHttpClient.java:76)
	at com.netflix.discovery.shared.transport.decorator.EurekaHttpClientDecorator.sendHeartBeat(EurekaHttpClientDecorator.java:89)
	at com.netflix.discovery.DiscoveryClient.renew(DiscoveryClient.java:845)
	at com.netflix.discovery.DiscoveryClient$HeartbeatThread.run(DiscoveryClient.java:1402)
	at java.base/java.util.concurrent.Executors$RunnableAdapter.call(Executors.java:545)
	at java.base/java.util.concurrent.FutureTask.run(FutureTask.java:330)
	at java.base/java.util.concurrent.ThreadPoolExecutor.runWorker(ThreadPoolExecutor.java:1090)
	at java.base/java.util.concurrent.ThreadPoolExecutor$Worker.run(ThreadPoolExecutor.java:614)
	at java.base/java.lang.Thread.run(Thread.java:1516)
Caused by: org.apache.hc.client5.http.HttpHostConnectException: Connect to http://localhost:8761 failed: Connection refused: getsockopt
	at java.base/sun.nio.ch.Net.pollConnect(Native Method)
	at java.base/sun.nio.ch.Net.pollConnectNow(Net.java:642)
	at java.base/sun.nio.ch.NioSocketImpl.timedFinishConnect(NioSocketImpl.java:548)
	at java.base/sun.nio.ch.NioSocketImpl.connect(NioSocketImpl.java:599)
	at java.base/java.net.SocksSocketImpl.connect(SocksSocketImpl.java:284)
	at java.base/java.net.Socket.connect(Socket.java:668)
	at org.apache.hc.client5.http.impl.io.DefaultHttpClientConnectionOperator.connect(DefaultHttpClientConnectionOperator.java:226)
	at org.apache.hc.client5.http.impl.io.PoolingHttpClientConnectionManager.connect(PoolingHttpClientConnectionManager.java:497)
	at org.apache.hc.client5.http.impl.classic.InternalExecRuntime.connectEndpoint(InternalExecRuntime.java:164)
	at org.apache.hc.client5.http.impl.classic.InternalExecRuntime.connectEndpoint(InternalExecRuntime.java:174)
	at org.apache.hc.client5.http.impl.classic.ConnectExec.execute(ConnectExec.java:144)
	at org.apache.hc.client5.http.impl.classic.ExecChainElement.execute(ExecChainElement.java:51)
	at org.apache.hc.client5.http.impl.classic.ProtocolExec.execute(ProtocolExec.java:195)
	at org.apache.hc.client5.http.impl.classic.ExecChainElement.execute(ExecChainElement.java:51)
	at org.apache.hc.client5.http.impl.classic.ContentCompressionExec.execute(ContentCompressionExec.java:168)
	at org.apache.hc.client5.http.impl.classic.ExecChainElement.execute(ExecChainElement.java:51)
	at org.apache.hc.client5.http.impl.classic.HttpRequestRetryExec.execute(HttpRequestRetryExec.java:112)
	at org.apache.hc.client5.http.impl.classic.ExecChainElement.execute(ExecChainElement.java:51)
	at org.apache.hc.client5.http.impl.classic.RedirectExec.execute(RedirectExec.java:110)
	at org.apache.hc.client5.http.impl.classic.ExecChainElement.execute(ExecChainElement.java:51)
	at org.apache.hc.client5.http.impl.classic.InternalHttpClient.doExecute(InternalHttpClient.java:185)
	at org.apache.hc.client5.http.impl.classic.CloseableHttpClient.execute(CloseableHttpClient.java:87)
	at org.apache.hc.client5.http.impl.classic.CloseableHttpClient.execute(CloseableHttpClient.java:55)
	at org.apache.hc.client5.http.classic.HttpClient.executeOpen(HttpClient.java:183)
	at org.springframework.http.client.HttpComponentsClientHttpRequest.executeInternal(HttpComponentsClientHttpRequest.java:99)
	at org.springframework.http.client.AbstractStreamingClientHttpRequest.executeInternal(AbstractStreamingClientHttpRequest.java:88)
	at org.springframework.http.client.AbstractClientHttpRequest.execute(AbstractClientHttpRequest.java:81)
	at org.springframework.http.client.InterceptingClientHttpRequest$InterceptingRequestExecution.execute(InterceptingClientHttpRequest.java:117)
	at org.springframework.cloud.netflix.eureka.http.RestTemplateTransportClientFactory.lambda$restTemplate$2(RestTemplateTransportClientFactory.java:145)
	at org.springframework.http.client.InterceptingClientHttpRequest$InterceptingRequestExecution.execute(InterceptingClientHttpRequest.java:88)
	at org.springframework.http.client.InterceptingClientHttpRequest.executeInternal(InterceptingClientHttpRequest.java:72)
	at org.springframework.http.client.AbstractBufferingClientHttpRequest.executeInternal(AbstractBufferingClientHttpRequest.java:48)
	at org.springframework.http.client.AbstractClientHttpRequest.execute(AbstractClientHttpRequest.java:81)
	at org.springframework.web.client.RestTemplate.doExecute(RestTemplate.java:900)
	... 20 more

2026-07-18 00:16:27.266  WARN [api-gateway, NO-ID] --- [beatExecutor-%d] c.n.d.s.t.d.RetryableEurekaHttpClient    : Request execution failed with message: I/O error on PUT request for "http://localhost:8761/eureka/apps/API-GATEWAY/api-gateway:8888": Connect to http://localhost:8761 failed: Connection refused: getsockopt
2026-07-18 00:16:27.267 ERROR [api-gateway, NO-ID] --- [beatExecutor-%d] com.netflix.discovery.DiscoveryClient    : DiscoveryClient_API-GATEWAY/api-gateway:8888 - was unable to send heartbeat!
com.netflix.discovery.shared.transport.TransportException: Cannot execute request on any known server
	at com.netflix.discovery.shared.transport.decorator.RetryableEurekaHttpClient.execute(RetryableEurekaHttpClient.java:112)
	at com.netflix.discovery.shared.transport.decorator.EurekaHttpClientDecorator.sendHeartBeat(EurekaHttpClientDecorator.java:89)
	at com.netflix.discovery.shared.transport.decorator.EurekaHttpClientDecorator$3.execute(EurekaHttpClientDecorator.java:92)
	at com.netflix.discovery.shared.transport.decorator.SessionedEurekaHttpClient.execute(SessionedEurekaHttpClient.java:76)
	at com.netflix.discovery.shared.transport.decorator.EurekaHttpClientDecorator.sendHeartBeat(EurekaHttpClientDecorator.java:89)
	at com.netflix.discovery.DiscoveryClient.renew(DiscoveryClient.java:845)
	at com.netflix.discovery.DiscoveryClient$HeartbeatThread.run(DiscoveryClient.java:1402)
	at java.base/java.util.concurrent.Executors$RunnableAdapter.call(Executors.java:545)
	at java.base/java.util.concurrent.FutureTask.run(FutureTask.java:330)
	at java.base/java.util.concurrent.ThreadPoolExecutor.runWorker(ThreadPoolExecutor.java:1090)
	at java.base/java.util.concurrent.ThreadPoolExecutor$Worker.run(ThreadPoolExecutor.java:614)
	at java.base/java.lang.Thread.run(Thread.java:1516)
2026-07-18 00:16:27.779  INFO [api-gateway, NO-ID] --- [reshExecutor-%d] c.n.d.s.t.d.RedirectingEurekaHttpClient  : Request execution error. endpoint=DefaultEndpoint{ serviceUrl='http://localhost:8761/eureka/} exception=I/O error on GET request for "http://localhost:8761/eureka/apps/delta": Connect to http://localhost:8761 failed: Connection refused: getsockopt stacktrace=org.springframework.web.client.ResourceAccessException: I/O error on GET request for "http://localhost:8761/eureka/apps/delta": Connect to http://localhost:8761 failed: Connection refused: getsockopt
	at org.springframework.web.client.RestTemplate.createResourceAccessException(RestTemplate.java:926)
	at org.springframework.web.client.RestTemplate.doExecute(RestTemplate.java:906)
	at org.springframework.web.client.RestTemplate.execute(RestTemplate.java:841)
	at org.springframework.web.client.RestTemplate.exchange(RestTemplate.java:702)
	at org.springframework.cloud.netflix.eureka.http.RestTemplateEurekaHttpClient.getApplicationsInternal(RestTemplateEurekaHttpClient.java:174)
	at org.springframework.cloud.netflix.eureka.http.RestTemplateEurekaHttpClient.getDelta(RestTemplateEurekaHttpClient.java:186)
	at com.netflix.discovery.shared.transport.decorator.EurekaHttpClientDecorator$7.execute(EurekaHttpClientDecorator.java:152)
	at com.netflix.discovery.shared.transport.decorator.RedirectingEurekaHttpClient.execute(RedirectingEurekaHttpClient.java:91)
	at com.netflix.discovery.shared.transport.decorator.EurekaHttpClientDecorator.getDelta(EurekaHttpClientDecorator.java:149)
	at com.netflix.discovery.shared.transport.decorator.EurekaHttpClientDecorator$7.execute(EurekaHttpClientDecorator.java:152)
	at com.netflix.discovery.shared.transport.decorator.RetryableEurekaHttpClient.execute(RetryableEurekaHttpClient.java:120)
	at com.netflix.discovery.shared.transport.decorator.EurekaHttpClientDecorator.getDelta(EurekaHttpClientDecorator.java:149)
	at com.netflix.discovery.shared.transport.decorator.EurekaHttpClientDecorator$7.execute(EurekaHttpClientDecorator.java:152)
	at com.netflix.discovery.shared.transport.decorator.SessionedEurekaHttpClient.execute(SessionedEurekaHttpClient.java:76)
	at com.netflix.discovery.shared.transport.decorator.EurekaHttpClientDecorator.getDelta(EurekaHttpClientDecorator.java:149)
	at com.netflix.discovery.DiscoveryClient.getAndUpdateDelta(DiscoveryClient.java:1080)
	at com.netflix.discovery.DiscoveryClient.fetchRegistry(DiscoveryClient.java:963)
	at com.netflix.discovery.DiscoveryClient.refreshRegistry(DiscoveryClient.java:1473)
	at com.netflix.discovery.DiscoveryClient$CacheRefreshThread.run(DiscoveryClient.java:1441)
	at java.base/java.util.concurrent.Executors$RunnableAdapter.call(Executors.java:545)
	at java.base/java.util.concurrent.FutureTask.run(FutureTask.java:330)
	at java.base/java.util.concurrent.ThreadPoolExecutor.runWorker(ThreadPoolExecutor.java:1090)
	at java.base/java.util.concurrent.ThreadPoolExecutor$Worker.run(ThreadPoolExecutor.java:614)
	at java.base/java.lang.Thread.run(Thread.java:1516)
Caused by: org.apache.hc.client5.http.HttpHostConnectException: Connect to http://localhost:8761 failed: Connection refused: getsockopt
	at java.base/sun.nio.ch.Net.pollConnect(Native Method)
	at java.base/sun.nio.ch.Net.pollConnectNow(Net.java:642)
	at java.base/sun.nio.ch.NioSocketImpl.timedFinishConnect(NioSocketImpl.java:548)
	at java.base/sun.nio.ch.NioSocketImpl.connect(NioSocketImpl.java:599)
	at java.base/java.net.SocksSocketImpl.connect(SocksSocketImpl.java:284)
	at java.base/java.net.Socket.connect(Socket.java:668)
	at org.apache.hc.client5.http.impl.io.DefaultHttpClientConnectionOperator.connect(DefaultHttpClientConnectionOperator.java:226)
	at org.apache.hc.client5.http.impl.io.PoolingHttpClientConnectionManager.connect(PoolingHttpClientConnectionManager.java:497)
	at org.apache.hc.client5.http.impl.classic.InternalExecRuntime.connectEndpoint(InternalExecRuntime.java:164)
	at org.apache.hc.client5.http.impl.classic.InternalExecRuntime.connectEndpoint(InternalExecRuntime.java:174)
	at org.apache.hc.client5.http.impl.classic.ConnectExec.execute(ConnectExec.java:144)
	at org.apache.hc.client5.http.impl.classic.ExecChainElement.execute(ExecChainElement.java:51)
	at org.apache.hc.client5.http.impl.classic.ProtocolExec.execute(ProtocolExec.java:195)
	at org.apache.hc.client5.http.impl.classic.ExecChainElement.execute(ExecChainElement.java:51)
	at org.apache.hc.client5.http.impl.classic.ContentCompressionExec.execute(ContentCompressionExec.java:168)
	at org.apache.hc.client5.http.impl.classic.ExecChainElement.execute(ExecChainElement.java:51)
	at org.apache.hc.client5.http.impl.classic.HttpRequestRetryExec.execute(HttpRequestRetryExec.java:112)
	at org.apache.hc.client5.http.impl.classic.ExecChainElement.execute(ExecChainElement.java:51)
	at org.apache.hc.client5.http.impl.classic.RedirectExec.execute(RedirectExec.java:110)
	at org.apache.hc.client5.http.impl.classic.ExecChainElement.execute(ExecChainElement.java:51)
	at org.apache.hc.client5.http.impl.classic.InternalHttpClient.doExecute(InternalHttpClient.java:185)
	at org.apache.hc.client5.http.impl.classic.CloseableHttpClient.execute(CloseableHttpClient.java:87)
	at org.apache.hc.client5.http.impl.classic.CloseableHttpClient.execute(CloseableHttpClient.java:55)
	at org.apache.hc.client5.http.classic.HttpClient.executeOpen(HttpClient.java:183)
	at org.springframework.http.client.HttpComponentsClientHttpRequest.executeInternal(HttpComponentsClientHttpRequest.java:99)
	at org.springframework.http.client.AbstractStreamingClientHttpRequest.executeInternal(AbstractStreamingClientHttpRequest.java:88)
	at org.springframework.http.client.AbstractClientHttpRequest.execute(AbstractClientHttpRequest.java:81)
	at org.springframework.http.client.InterceptingClientHttpRequest$InterceptingRequestExecution.execute(InterceptingClientHttpRequest.java:117)
	at org.springframework.cloud.netflix.eureka.http.RestTemplateTransportClientFactory.lambda$restTemplate$2(RestTemplateTransportClientFactory.java:145)
	at org.springframework.http.client.InterceptingClientHttpRequest$InterceptingRequestExecution.execute(InterceptingClientHttpRequest.java:88)
	at org.springframework.http.client.InterceptingClientHttpRequest.executeInternal(InterceptingClientHttpRequest.java:72)
	at org.springframework.http.client.AbstractBufferingClientHttpRequest.executeInternal(AbstractBufferingClientHttpRequest.java:48)
	at org.springframework.http.client.AbstractClientHttpRequest.execute(AbstractClientHttpRequest.java:81)
	at org.springframework.web.client.RestTemplate.doExecute(RestTemplate.java:900)
	... 22 more

2026-07-18 00:16:27.780  WARN [api-gateway, NO-ID] --- [reshExecutor-%d] c.n.d.s.t.d.RetryableEurekaHttpClient    : Request execution failed with message: I/O error on GET request for "http://localhost:8761/eureka/apps/delta": Connect to http://localhost:8761 failed: Connection refused: getsockopt
2026-07-18 00:16:27.800  INFO [api-gateway, NO-ID] --- [reshExecutor-%d] c.n.d.s.t.d.RedirectingEurekaHttpClient  : Request execution error. endpoint=DefaultEndpoint{ serviceUrl='http://localhost:8761/eureka/}, exception=I/O error on GET request for "http://localhost:8761/eureka/apps/delta": Connect to http://localhost:8761 failed: Connection refused: getsockopt stacktrace=org.springframework.web.client.ResourceAccessException: I/O error on GET request for "http://localhost:8761/eureka/apps/delta": Connect to http://localhost:8761 failed: Connection refused: getsockopt
	at org.springframework.web.client.RestTemplate.createResourceAccessException(RestTemplate.java:926)
	at org.springframework.web.client.RestTemplate.doExecute(RestTemplate.java:906)
	at org.springframework.web.client.RestTemplate.execute(RestTemplate.java:841)
	at org.springframework.web.client.RestTemplate.exchange(RestTemplate.java:702)
	at org.springframework.cloud.netflix.eureka.http.RestTemplateEurekaHttpClient.getApplicationsInternal(RestTemplateEurekaHttpClient.java:174)
	at org.springframework.cloud.netflix.eureka.http.RestTemplateEurekaHttpClient.getDelta(RestTemplateEurekaHttpClient.java:186)
	at com.netflix.discovery.shared.transport.decorator.EurekaHttpClientDecorator$7.execute(EurekaHttpClientDecorator.java:152)
	at com.netflix.discovery.shared.transport.decorator.RedirectingEurekaHttpClient.executeOnNewServer(RedirectingEurekaHttpClient.java:121)
	at com.netflix.discovery.shared.transport.decorator.RedirectingEurekaHttpClient.execute(RedirectingEurekaHttpClient.java:80)
	at com.netflix.discovery.shared.transport.decorator.EurekaHttpClientDecorator.getDelta(EurekaHttpClientDecorator.java:149)
	at com.netflix.discovery.shared.transport.decorator.EurekaHttpClientDecorator$7.execute(EurekaHttpClientDecorator.java:152)
	at com.netflix.discovery.shared.transport.decorator.RetryableEurekaHttpClient.execute(RetryableEurekaHttpClient.java:120)
	at com.netflix.discovery.shared.transport.decorator.EurekaHttpClientDecorator.getDelta(EurekaHttpClientDecorator.java:149)
	at com.netflix.discovery.shared.transport.decorator.EurekaHttpClientDecorator$7.execute(EurekaHttpClientDecorator.java:152)
	at com.netflix.discovery.shared.transport.decorator.SessionedEurekaHttpClient.execute(SessionedEurekaHttpClient.java:76)
	at com.netflix.discovery.shared.transport.decorator.EurekaHttpClientDecorator.getDelta(EurekaHttpClientDecorator.java:149)
	at com.netflix.discovery.DiscoveryClient.getAndUpdateDelta(DiscoveryClient.java:1080)
	at com.netflix.discovery.DiscoveryClient.fetchRegistry(DiscoveryClient.java:963)
	at com.netflix.discovery.DiscoveryClient.refreshRegistry(DiscoveryClient.java:1473)
	at com.netflix.discovery.DiscoveryClient$CacheRefreshThread.run(DiscoveryClient.java:1441)
	at java.base/java.util.concurrent.Executors$RunnableAdapter.call(Executors.java:545)
	at java.base/java.util.concurrent.FutureTask.run(FutureTask.java:330)
	at java.base/java.util.concurrent.ThreadPoolExecutor.runWorker(ThreadPoolExecutor.java:1090)
	at java.base/java.util.concurrent.ThreadPoolExecutor$Worker.run(ThreadPoolExecutor.java:614)
	at java.base/java.lang.Thread.run(Thread.java:1516)
Caused by: org.apache.hc.client5.http.HttpHostConnectException: Connect to http://localhost:8761 failed: Connection refused: getsockopt
	at java.base/sun.nio.ch.Net.pollConnect(Native Method)
	at java.base/sun.nio.ch.Net.pollConnectNow(Net.java:642)
	at java.base/sun.nio.ch.NioSocketImpl.timedFinishConnect(NioSocketImpl.java:548)
	at java.base/sun.nio.ch.NioSocketImpl.connect(NioSocketImpl.java:599)
	at java.base/java.net.SocksSocketImpl.connect(SocksSocketImpl.java:284)
	at java.base/java.net.Socket.connect(Socket.java:668)
	at org.apache.hc.client5.http.impl.io.DefaultHttpClientConnectionOperator.connect(DefaultHttpClientConnectionOperator.java:226)
	at org.apache.hc.client5.http.impl.io.PoolingHttpClientConnectionManager.connect(PoolingHttpClientConnectionManager.java:497)
	at org.apache.hc.client5.http.impl.classic.InternalExecRuntime.connectEndpoint(InternalExecRuntime.java:164)
	at org.apache.hc.client5.http.impl.classic.InternalExecRuntime.connectEndpoint(InternalExecRuntime.java:174)
	at org.apache.hc.client5.http.impl.classic.ConnectExec.execute(ConnectExec.java:144)
	at org.apache.hc.client5.http.impl.classic.ExecChainElement.execute(ExecChainElement.java:51)
	at org.apache.hc.client5.http.impl.classic.ProtocolExec.execute(ProtocolExec.java:195)
	at org.apache.hc.client5.http.impl.classic.ExecChainElement.execute(ExecChainElement.java:51)
	at org.apache.hc.client5.http.impl.classic.ContentCompressionExec.execute(ContentCompressionExec.java:168)
	at org.apache.hc.client5.http.impl.classic.ExecChainElement.execute(ExecChainElement.java:51)
	at org.apache.hc.client5.http.impl.classic.HttpRequestRetryExec.execute(HttpRequestRetryExec.java:112)
	at org.apache.hc.client5.http.impl.classic.ExecChainElement.execute(ExecChainElement.java:51)
	at org.apache.hc.client5.http.impl.classic.RedirectExec.execute(RedirectExec.java:110)
	at org.apache.hc.client5.http.impl.classic.ExecChainElement.execute(ExecChainElement.java:51)
	at org.apache.hc.client5.http.impl.classic.InternalHttpClient.doExecute(InternalHttpClient.java:185)
	at org.apache.hc.client5.http.impl.classic.CloseableHttpClient.execute(CloseableHttpClient.java:87)
	at org.apache.hc.client5.http.impl.classic.CloseableHttpClient.execute(CloseableHttpClient.java:55)
	at org.apache.hc.client5.http.classic.HttpClient.executeOpen(HttpClient.java:183)
	at org.springframework.http.client.HttpComponentsClientHttpRequest.executeInternal(HttpComponentsClientHttpRequest.java:99)
	at org.springframework.http.client.AbstractStreamingClientHttpRequest.executeInternal(AbstractStreamingClientHttpRequest.java:88)
	at org.springframework.http.client.AbstractClientHttpRequest.execute(AbstractClientHttpRequest.java:81)
	at org.springframework.http.client.InterceptingClientHttpRequest$InterceptingRequestExecution.execute(InterceptingClientHttpRequest.java:117)
	at org.springframework.cloud.netflix.eureka.http.RestTemplateTransportClientFactory.lambda$restTemplate$2(RestTemplateTransportClientFactory.java:145)
	at org.springframework.http.client.InterceptingClientHttpRequest$InterceptingRequestExecution.execute(InterceptingClientHttpRequest.java:88)
	at org.springframework.http.client.InterceptingClientHttpRequest.executeInternal(InterceptingClientHttpRequest.java:72)
	at org.springframework.http.client.AbstractBufferingClientHttpRequest.executeInternal(AbstractBufferingClientHttpRequest.java:48)
	at org.springframework.http.client.AbstractClientHttpRequest.execute(AbstractClientHttpRequest.java:81)
	at org.springframework.web.client.RestTemplate.doExecute(RestTemplate.java:900)
	... 23 more

2026-07-18 00:16:27.801  WARN [api-gateway, NO-ID] --- [reshExecutor-%d] c.n.d.s.t.d.RetryableEurekaHttpClient    : Request execution failed with message: I/O error on GET request for "http://localhost:8761/eureka/apps/delta": Connect to http://localhost:8761 failed: Connection refused: getsockopt
2026-07-18 00:16:27.801  INFO [api-gateway, NO-ID] --- [reshExecutor-%d] com.netflix.discovery.DiscoveryClient    : DiscoveryClient_API-GATEWAY/api-gateway:8888 - was unable to refresh its cache! This periodic background refresh will be retried in 30 seconds. status = Cannot execute request on any known server stacktrace = com.netflix.discovery.shared.transport.TransportException: Cannot execute request on any known server
	at com.netflix.discovery.shared.transport.decorator.RetryableEurekaHttpClient.execute(RetryableEurekaHttpClient.java:112)
	at com.netflix.discovery.shared.transport.decorator.EurekaHttpClientDecorator.getDelta(EurekaHttpClientDecorator.java:149)
	at com.netflix.discovery.shared.transport.decorator.EurekaHttpClientDecorator$7.execute(EurekaHttpClientDecorator.java:152)
	at com.netflix.discovery.shared.transport.decorator.SessionedEurekaHttpClient.execute(SessionedEurekaHttpClient.java:76)
	at com.netflix.discovery.shared.transport.decorator.EurekaHttpClientDecorator.getDelta(EurekaHttpClientDecorator.java:149)
	at com.netflix.discovery.DiscoveryClient.getAndUpdateDelta(DiscoveryClient.java:1080)
	at com.netflix.discovery.DiscoveryClient.fetchRegistry(DiscoveryClient.java:963)
	at com.netflix.discovery.DiscoveryClient.refreshRegistry(DiscoveryClient.java:1473)
	at com.netflix.discovery.DiscoveryClient$CacheRefreshThread.run(DiscoveryClient.java:1441)
	at java.base/java.util.concurrent.Executors$RunnableAdapter.call(Executors.java:545)
	at java.base/java.util.concurrent.FutureTask.run(FutureTask.java:330)
	at java.base/java.util.concurrent.ThreadPoolExecutor.runWorker(ThreadPoolExecutor.java:1090)
	at java.base/java.util.concurrent.ThreadPoolExecutor$Worker.run(ThreadPoolExecutor.java:614)
	at java.base/java.lang.Thread.run(Thread.java:1516)

2026-07-18 00:16:28.984  INFO [api-gateway, NO-ID] --- [ionShutdownHook] com.netflix.discovery.DiscoveryClient    : Unregistering ...
2026-07-18 00:16:29.001  INFO [api-gateway, NO-ID] --- [ionShutdownHook] c.n.d.s.t.d.RedirectingEurekaHttpClient  : Request execution error. endpoint=DefaultEndpoint{ serviceUrl='http://localhost:8761/eureka/}, exception=I/O error on DELETE request for "http://localhost:8761/eureka/apps/API-GATEWAY/api-gateway:8888": Connect to http://localhost:8761 failed: Connection refused: getsockopt stacktrace=org.springframework.web.client.ResourceAccessException: I/O error on DELETE request for "http://localhost:8761/eureka/apps/API-GATEWAY/api-gateway:8888": Connect to http://localhost:8761 failed: Connection refused: getsockopt
	at org.springframework.web.client.RestTemplate.createResourceAccessException(RestTemplate.java:926)
	at org.springframework.web.client.RestTemplate.doExecute(RestTemplate.java:906)
	at org.springframework.web.client.RestTemplate.execute(RestTemplate.java:841)
	at org.springframework.web.client.RestTemplate.exchange(RestTemplate.java:702)
	at org.springframework.cloud.netflix.eureka.http.RestTemplateEurekaHttpClient.cancel(RestTemplateEurekaHttpClient.java:100)
	at com.netflix.discovery.shared.transport.decorator.EurekaHttpClientDecorator$2.execute(EurekaHttpClientDecorator.java:74)
	at com.netflix.discovery.shared.transport.decorator.RedirectingEurekaHttpClient.executeOnNewServer(RedirectingEurekaHttpClient.java:121)
	at com.netflix.discovery.shared.transport.decorator.RedirectingEurekaHttpClient.execute(RedirectingEurekaHttpClient.java:80)
	at com.netflix.discovery.shared.transport.decorator.EurekaHttpClientDecorator.cancel(EurekaHttpClientDecorator.java:71)
	at com.netflix.discovery.shared.transport.decorator.EurekaHttpClientDecorator$2.execute(EurekaHttpClientDecorator.java:74)
	at com.netflix.discovery.shared.transport.decorator.RetryableEurekaHttpClient.execute(RetryableEurekaHttpClient.java:120)
	at com.netflix.discovery.shared.transport.decorator.EurekaHttpClientDecorator.cancel(EurekaHttpClientDecorator.java:71)
	at com.netflix.discovery.shared.transport.decorator.EurekaHttpClientDecorator$2.execute(EurekaHttpClientDecorator.java:74)
	at com.netflix.discovery.shared.transport.decorator.SessionedEurekaHttpClient.execute(SessionedEurekaHttpClient.java:76)
	at com.netflix.discovery.shared.transport.decorator.EurekaHttpClientDecorator.cancel(EurekaHttpClientDecorator.java:71)
	at com.netflix.discovery.DiscoveryClient.unregister(DiscoveryClient.java:919)
	at com.netflix.discovery.DiscoveryClient.shutdown(DiscoveryClient.java:900)
	at java.base/jdk.internal.reflect.DirectMethodHandleAccessor.invoke(DirectMethodHandleAccessor.java:104)
	at java.base/java.lang.reflect.Method.invoke(Method.java:565)
	at org.springframework.beans.factory.annotation.InitDestroyAnnotationBeanPostProcessor$LifecycleMethod.invoke(InitDestroyAnnotationBeanPostProcessor.java:457)
	at org.springframework.beans.factory.annotation.InitDestroyAnnotationBeanPostProcessor$LifecycleMetadata.invokeDestroyMethods(InitDestroyAnnotationBeanPostProcessor.java:415)
	at org.springframework.beans.factory.annotation.InitDestroyAnnotationBeanPostProcessor.postProcessBeforeDestruction(InitDestroyAnnotationBeanPostProcessor.java:239)
	at org.springframework.beans.factory.support.DisposableBeanAdapter.destroy(DisposableBeanAdapter.java:203)
	at org.springframework.beans.factory.support.DisposableBeanAdapter.run(DisposableBeanAdapter.java:196)
	at org.springframework.cloud.context.scope.GenericScope$BeanLifecycleWrapper.destroy(GenericScope.java:387)
	at org.springframework.cloud.context.scope.GenericScope.destroy(GenericScope.java:134)
	at org.springframework.beans.factory.support.DisposableBeanAdapter.destroy(DisposableBeanAdapter.java:212)
	at org.springframework.beans.factory.support.DefaultSingletonBeanRegistry.destroyBean(DefaultSingletonBeanRegistry.java:798)
	at org.springframework.beans.factory.support.DefaultSingletonBeanRegistry.destroySingleton(DefaultSingletonBeanRegistry.java:748)
	at org.springframework.beans.factory.support.DefaultListableBeanFactory.destroySingleton(DefaultListableBeanFactory.java:1499)
	at org.springframework.beans.factory.support.DefaultSingletonBeanRegistry.destroySingletons(DefaultSingletonBeanRegistry.java:707)
	at org.springframework.beans.factory.support.DefaultListableBeanFactory.destroySingletons(DefaultListableBeanFactory.java:1492)
	at org.springframework.context.support.AbstractApplicationContext.destroyBeans(AbstractApplicationContext.java:1243)
	at org.springframework.context.support.AbstractApplicationContext.doClose(AbstractApplicationContext.java:1204)
	at org.springframework.boot.web.reactive.context.ReactiveWebServerApplicationContext.doClose(ReactiveWebServerApplicationContext.java:155)
	at org.springframework.context.support.AbstractApplicationContext.close(AbstractApplicationContext.java:1150)
	at org.springframework.boot.SpringApplicationShutdownHook.closeAndWait(SpringApplicationShutdownHook.java:147)
	at java.base/java.lang.Iterable.forEach(Iterable.java:75)
	at org.springframework.boot.SpringApplicationShutdownHook.run(SpringApplicationShutdownHook.java:116)
	at java.base/java.lang.Thread.run(Thread.java:1516)
Caused by: org.apache.hc.client5.http.HttpHostConnectException: Connect to http://localhost:8761 failed: Connection refused: getsockopt
	at java.base/sun.nio.ch.Net.pollConnect(Native Method)
	at java.base/sun.nio.ch.Net.pollConnectNow(Net.java:642)
	at java.base/sun.nio.ch.NioSocketImpl.timedFinishConnect(NioSocketImpl.java:548)
	at java.base/sun.nio.ch.NioSocketImpl.connect(NioSocketImpl.java:599)
	at java.base/java.net.SocksSocketImpl.connect(SocksSocketImpl.java:284)
	at java.base/java.net.Socket.connect(Socket.java:668)
	at org.apache.hc.client5.http.impl.io.DefaultHttpClientConnectionOperator.connect(DefaultHttpClientConnectionOperator.java:226)
	at org.apache.hc.client5.http.impl.io.PoolingHttpClientConnectionManager.connect(PoolingHttpClientConnectionManager.java:497)
	at org.apache.hc.client5.http.impl.classic.InternalExecRuntime.connectEndpoint(InternalExecRuntime.java:164)
	at org.apache.hc.client5.http.impl.classic.InternalExecRuntime.connectEndpoint(InternalExecRuntime.java:174)
	at org.apache.hc.client5.http.impl.classic.ConnectExec.execute(ConnectExec.java:144)
	at org.apache.hc.client5.http.impl.classic.ExecChainElement.execute(ExecChainElement.java:51)
	at org.apache.hc.client5.http.impl.classic.ProtocolExec.execute(ProtocolExec.java:195)
	at org.apache.hc.client5.http.impl.classic.ExecChainElement.execute(ExecChainElement.java:51)
	at org.apache.hc.client5.http.impl.classic.ContentCompressionExec.execute(ContentCompressionExec.java:168)
	at org.apache.hc.client5.http.impl.classic.ExecChainElement.execute(ExecChainElement.java:51)
	at org.apache.hc.client5.http.impl.classic.HttpRequestRetryExec.execute(HttpRequestRetryExec.java:112)
	at org.apache.hc.client5.http.impl.classic.ExecChainElement.execute(ExecChainElement.java:51)
	at org.apache.hc.client5.http.impl.classic.RedirectExec.execute(RedirectExec.java:110)
	at org.apache.hc.client5.http.impl.classic.ExecChainElement.execute(ExecChainElement.java:51)
	at org.apache.hc.client5.http.impl.classic.InternalHttpClient.doExecute(InternalHttpClient.java:185)
	at org.apache.hc.client5.http.impl.classic.CloseableHttpClient.execute(CloseableHttpClient.java:87)
	at org.apache.hc.client5.http.impl.classic.CloseableHttpClient.execute(CloseableHttpClient.java:55)
	at org.apache.hc.client5.http.classic.HttpClient.executeOpen(HttpClient.java:183)
	at org.springframework.http.client.HttpComponentsClientHttpRequest.executeInternal(HttpComponentsClientHttpRequest.java:99)
	at org.springframework.http.client.AbstractStreamingClientHttpRequest.executeInternal(AbstractStreamingClientHttpRequest.java:88)
	at org.springframework.http.client.AbstractClientHttpRequest.execute(AbstractClientHttpRequest.java:81)
	at org.springframework.http.client.InterceptingClientHttpRequest$InterceptingRequestExecution.execute(InterceptingClientHttpRequest.java:117)
	at org.springframework.cloud.netflix.eureka.http.RestTemplateTransportClientFactory.lambda$restTemplate$2(RestTemplateTransportClientFactory.java:145)
	at org.springframework.http.client.InterceptingClientHttpRequest$InterceptingRequestExecution.execute(InterceptingClientHttpRequest.java:88)
	at org.springframework.http.client.InterceptingClientHttpRequest.executeInternal(InterceptingClientHttpRequest.java:72)
	at org.springframework.http.client.AbstractBufferingClientHttpRequest.executeInternal(AbstractBufferingClientHttpRequest.java:48)
	at org.springframework.http.client.AbstractClientHttpRequest.execute(AbstractClientHttpRequest.java:81)
	at org.springframework.web.client.RestTemplate.doExecute(RestTemplate.java:900)
	... 38 more

2026-07-18 00:16:29.001  WARN [api-gateway, NO-ID] --- [ionShutdownHook] c.n.d.s.t.d.RetryableEurekaHttpClient    : Request execution failed with message: I/O error on DELETE request for "http://localhost:8761/eureka/apps/API-GATEWAY/api-gateway:8888": Connect to http://localhost:8761 failed: Connection refused: getsockopt
2026-07-18 00:16:29.001 ERROR [api-gateway, NO-ID] --- [ionShutdownHook] com.netflix.discovery.DiscoveryClient    : DiscoveryClient_API-GATEWAY/api-gateway:8888 - de-registration failedCannot execute request on any known server
com.netflix.discovery.shared.transport.TransportException: Cannot execute request on any known server
	at com.netflix.discovery.shared.transport.decorator.RetryableEurekaHttpClient.execute(RetryableEurekaHttpClient.java:112)
	at com.netflix.discovery.shared.transport.decorator.EurekaHttpClientDecorator.cancel(EurekaHttpClientDecorator.java:71)
	at com.netflix.discovery.shared.transport.decorator.EurekaHttpClientDecorator$2.execute(EurekaHttpClientDecorator.java:74)
	at com.netflix.discovery.shared.transport.decorator.SessionedEurekaHttpClient.execute(SessionedEurekaHttpClient.java:76)
	at com.netflix.discovery.shared.transport.decorator.EurekaHttpClientDecorator.cancel(EurekaHttpClientDecorator.java:71)
	at com.netflix.discovery.DiscoveryClient.unregister(DiscoveryClient.java:919)
	at com.netflix.discovery.DiscoveryClient.shutdown(DiscoveryClient.java:900)
	at java.base/jdk.internal.reflect.DirectMethodHandleAccessor.invoke(DirectMethodHandleAccessor.java:104)
	at java.base/java.lang.reflect.Method.invoke(Method.java:565)
	at org.springframework.beans.factory.annotation.InitDestroyAnnotationBeanPostProcessor$LifecycleMethod.invoke(InitDestroyAnnotationBeanPostProcessor.java:457)
	at org.springframework.beans.factory.annotation.InitDestroyAnnotationBeanPostProcessor$LifecycleMetadata.invokeDestroyMethods(InitDestroyAnnotationBeanPostProcessor.java:415)
	at org.springframework.beans.factory.annotation.InitDestroyAnnotationBeanPostProcessor.postProcessBeforeDestruction(InitDestroyAnnotationBeanPostProcessor.java:239)
	at org.springframework.beans.factory.support.DisposableBeanAdapter.destroy(DisposableBeanAdapter.java:203)
	at org.springframework.beans.factory.support.DisposableBeanAdapter.run(DisposableBeanAdapter.java:196)
	at org.springframework.cloud.context.scope.GenericScope$BeanLifecycleWrapper.destroy(GenericScope.java:387)
	at org.springframework.cloud.context.scope.GenericScope.destroy(GenericScope.java:134)
	at org.springframework.beans.factory.support.DisposableBeanAdapter.destroy(DisposableBeanAdapter.java:212)
	at org.springframework.beans.factory.support.DefaultSingletonBeanRegistry.destroyBean(DefaultSingletonBeanRegistry.java:798)
	at org.springframework.beans.factory.support.DefaultSingletonBeanRegistry.destroySingleton(DefaultSingletonBeanRegistry.java:748)
	at org.springframework.beans.factory.support.DefaultListableBeanFactory.destroySingleton(DefaultListableBeanFactory.java:1499)
	at org.springframework.beans.factory.support.DefaultSingletonBeanRegistry.destroySingletons(DefaultSingletonBeanRegistry.java:707)
	at org.springframework.beans.factory.support.DefaultListableBeanFactory.destroySingletons(DefaultListableBeanFactory.java:1492)
	at org.springframework.context.support.AbstractApplicationContext.destroyBeans(AbstractApplicationContext.java:1243)
	at org.springframework.context.support.AbstractApplicationContext.doClose(AbstractApplicationContext.java:1204)
	at org.springframework.boot.web.reactive.context.ReactiveWebServerApplicationContext.doClose(ReactiveWebServerApplicationContext.java:155)
	at org.springframework.context.support.AbstractApplicationContext.close(AbstractApplicationContext.java:1150)
	at org.springframework.boot.SpringApplicationShutdownHook.closeAndWait(SpringApplicationShutdownHook.java:147)
	at java.base/java.lang.Iterable.forEach(Iterable.java:75)
	at org.springframework.boot.SpringApplicationShutdownHook.run(SpringApplicationShutdownHook.java:116)
	at java.base/java.lang.Thread.run(Thread.java:1516)
2026-07-18 00:16:29.001  INFO [api-gateway, NO-ID] --- [ionShutdownHook] com.netflix.discovery.DiscoveryClient    : Completed shut down of DiscoveryClient
